,set
GSM1616364,train
GSM1616331,train
GSM1616292,train
GSM1123238,train
GSM1123412,train
GSM1123334,train
GSM1616307,train
GSM1123367,train
GSM1123400,train
GSM1123244,train
GSM1123295,train
GSM1123253,train
GSM1123325,train
GSM1616361,train
GSM1123292,train
GSM1123385,train
GSM1123352,train
GSM1123241,train
GSM1123283,train
GSM1123247,train
GSM1123355,train
GSM1123409,train
GSM1123340,train
GSM1616377,train
GSM1616352,train
GSM1123343,train
GSM1123268,train
GSM1616280,train
GSM1123379,train
GSM1123298,train
GSM1616322,train
GSM1123328,train
GSM1123316,train
GSM1616328,train
GSM1123307,train
GSM1123310,train
GSM1123229,train
GSM1616355,train
GSM1123301,train
GSM1123391,train
GSM1616298,train
GSM1123256,train
GSM1123262,train
GSM1123373,train
GSM1616286,train
GSM1123346,train
GSM1616370,train
GSM1123364,train
GSM1123265,train
GSM1123382,train
GSM1123337,train
GSM1616313,train
GSM1123250,train
GSM1123370,train
GSM1123235,train
GSM1616319,train
GSM1616349,train
GSM1123277,train
GSM1616316,train
GSM1123322,train
GSM1123289,train
GSM1123274,train
GSM1123286,train
GSM1123406,train
GSM1123397,train
GSM1123319,train
GSM1123313,train
GSM1616310,train
GSM1616289,train
GSM1616358,train
GSM1123388,train
GSM1616373,test
GSM1123349,test
GSM1616295,test
GSM1123331,test
GSM1123226,test
GSM1123232,test
GSM1123304,test
GSM1616325,test
GSM1123280,test
GSM1123394,test
GSM1123271,test
GSM1123376,test
GSM1123361,test
GSM1616283,test
GSM1123403,test
GSM1123358,test
GSM1616343,test
GSM1123259,test
