,ME1,ME2,ME3,ME4,ME5,ME6,ME7,ME8,ME9,ME10,ME11,ME12,ME13,ME14,ME15,ME16,ME17,ME18,ME19,ME20,ME21
GSM1123226,0.2888613889133637,2.503357180655123,0.0952900397966379,0.12897007994075935,0.5312516656856563,-0.09045576392469805,-1.5412139586165263,-1.7446113312830833,1.0514106326514183,-1.74275670307434,-0.6759027000455514,-0.34324075093256073,0.11891958804293859,-0.03729916904232737,-0.038365094502658646,1.7779204590503281,1.5859643430201318,0.03053541047092606,-0.24787447896033213,1.4136922727475163,-1.9791781375287019
GSM1123229,1.4179992405913227,-0.12812906840385185,1.022508362294519,-0.9303933837526414,0.4812651211961607,0.4080050047175392,0.066578065466004,0.19706762929051994,-1.0496083382425216,0.08890718445709372,0.4644742866193701,-0.06785456452165917,0.8838224390028339,-0.8126531600447013,1.400562119203469,-0.5260240491019713,0.2248537064753822,1.357609114294898,1.0889554163837907,0.8244523925881743,0.9659893366124354
GSM1123232,1.917432782780841,-1.8943554502562052,-0.4877086453934203,0.330951830530065,0.4682660118492098,0.8539299673873849,-0.0400176776517602,0.37182698236974515,1.8820472470464804,1.4820173709422226,1.831521516452996,0.5459350349455764,-1.0618727424193324,1.561964538767881,-0.8098860192825257,1.7546104088112955,1.6408747018516543,1.00156441676236,2.244849204625713,1.7378065672941603,-1.5638741309683641
GSM1123235,2.263516743504584,-1.833683153304813,-0.13328527381122934,-1.0581853770651788,-0.6310831021042447,-0.08134957707653305,0.7663282647696441,1.0333559357104691,1.698262838915745,0.8398684559977355,0.9515386064710082,-0.10105296795161892,-2.058353611842123,1.7416068880779525,-1.474592477607414,0.29156321583620065,-0.5971471029857731,1.0802624326658767,0.5282509231392708,0.7469077836290618,-3.1133531332874607
GSM1123238,-0.838251549518147,-1.6664071258512136,-0.36995187322487616,0.5681556453898325,0.1139638065117548,0.7491412114449302,0.8192041548426383,0.9199213773232744,0.8001362553823271,1.1907009284375756,1.2455961577365333,1.5533119419455037,-0.4184092541977793,-0.9902877121574558,-0.8802473779169195,0.6220210950808037,-0.031327699600685974,-1.6748543151465711,-0.022597486742916863,-1.5718220595977632,-0.9147235609353506
GSM1123241,0.952772402137164,0.3455712527079413,0.11376640212872319,1.1124204361337167,0.364201244746986,0.9817659176473198,0.9352134135646376,0.7515974992627268,1.7312356035361236,2.03745993775767,0.6219225310002376,1.665242772505546,1.2784343153512934,-0.686774416582966,-0.4991770257536606,2.041858522952531,0.24368427983664903,-1.74743540414948,1.0635277594906885,-0.0007666744445265573,-1.0391228620174886
GSM1123244,-0.3445306508730336,-1.6714009748563596,-0.32003257050494266,-0.6551950346526936,0.3126089823257975,1.1014592220736417,1.5807811576696853,2.939546353739041,0.868367839964205,1.0304817255514438,1.9796432146755398,0.9466332921976852,-0.5213160069849619,-1.3430406089344349,-1.4122693515681009,-2.499316116072946,-2.146417520237329,-2.1037637444585373,-0.13817135035148054,-2.3234134451199973,0.179437014431797
GSM1123247,0.7720201476537001,-1.2183077099638264,0.06913993583146398,-0.03951070685391685,-0.510946012658704,0.4299182081713218,0.1367159927482979,-0.27109227137783826,1.1604576120061822,0.7134597764375183,0.8785051749149446,-0.17205698531576036,-0.3827174049582206,-1.393056077586831,-0.8816536177387351,-0.1395050307961146,-0.34223691417151486,-1.7867878507167902,-0.6769685106196511,-2.137600828555462,0.18037607516785822
GSM1123250,-1.2984412333861755,-1.7602015133032956,-3.2074101271919973,0.7438882963627833,-0.9611337842776468,-0.14034942101726394,-1.4827253051685028,0.3229024789803831,0.528384095027778,1.7389512516901144,0.3472026029734522,0.03269726603914884,-2.0228850262131193,-1.2411026216141026,-1.1926794921417883,1.0592682705399448,0.41771009976830575,-1.263358287203333,2.2018056378303865,0.547274936138577,-0.4593864867070287
GSM1123253,-0.7257589601107289,-0.23668939977732376,-0.42907253154042685,1.06067522888355,-1.1333405030892123,-0.8017661463029883,-0.26974847560492743,-0.5114391281605726,0.4003801870124939,-0.07342504605906498,-0.9172657759131359,-0.4494686098048463,-1.0686367859019,-0.930105682913175,-0.4942034987149781,0.8954138955476628,2.2457368610454758,0.2908102272843446,0.37880296334936325,0.5467688745159155,0.5874745014585288
GSM1123256,0.0964137405058246,-0.20901530496151918,0.587225472465005,1.1768313872377445,2.3268451042331773,1.5839152682344715,0.9854751760544233,1.4232410728143754,1.1628031571680022,0.4386695692379814,1.810029910499807,0.4509454215983739,-0.6059286816480904,0.14902967818553867,-0.8356728464968629,0.8713357615138361,-0.06698195798084058,-0.252541350852782,-0.530953781870739,-0.5503373317442298,0.45060733775822764
GSM1123259,0.6248531432735365,0.14325106436308976,0.06340777934975307,-0.09497604324652152,-0.2547410199111995,0.6226281999941693,0.9648302427246734,0.30849874540480676,1.410041599595825,0.7016089311749809,0.15394269853258782,1.04746768611781,-0.4534817430235137,-0.5624848934173315,-0.7290056790094976,0.6991775887293316,-0.03852877237778876,-3.1255583749784757,-0.6612253902151296,-1.6077959724259951,-2.1952371615809256
GSM1123262,0.08880506822032647,0.27425293213520974,-0.548213484642201,0.09115796726924037,0.6922051077014766,0.6700343065836637,-0.22459957404195632,-1.3133415127849324,0.972411987287732,1.965187725730228,0.8936982737949395,0.1504780905699862,0.7423463489711151,-0.29948700481479645,-0.6261358077012756,1.6043614521130434,0.9204775992465983,-2.736644006721166,1.520142996835512,-0.23817447676916656,-2.959323531369438
GSM1123265,-1.453649225573987,0.7449368146405656,1.0208773329407959,0.31771824433477713,-0.09985619635366134,-0.14793069750071652,1.8025531036611442,-0.1536601339038363,-0.4146670110108417,-0.4799532965820447,-0.3314311014324707,-0.14281760319670497,2.119263085790621,1.881737962291372,0.07026697049399531,-0.7916327229448069,-0.5887462269029894,0.4099970530508954,-1.1058880245758889,-0.8600254905238239,-0.32817460115114877
GSM1123268,-1.7977180012365706,-0.44821180709385555,-0.9067475300592325,0.7851894652242775,-0.899857576127905,-1.177743447391729,-0.7170351298028895,-0.3293794183529982,-0.6241126498832081,-0.22716387563181417,-1.0145674329697685,-0.8235223910724024,1.1750099123848752,-1.5830859221400992,-0.5943617263120212,-0.16640238944786692,1.7928116973142028,-0.5275512050512672,-0.08022348925302014,-0.16800704321635915,0.3558613069069722
GSM1123271,2.714924083589359,-0.5385842431344002,0.897203632646426,1.2772222164754725,0.4561372938515989,1.201522346866393,2.048073815359018,0.45754965315624063,2.0258553510640835,0.8197649362412811,1.6741107208508295,-0.40786745674376473,-0.36577980734537374,-0.8481125065707245,-1.1552410319723019,-1.1215625720024525,0.059010331960007795,-1.463325625761898,-1.685441421306782,-2.658314534653203,0.34015467383274606
GSM1123274,-0.29496592725693926,0.5440046818438871,0.8251918750115166,-0.5957687525795908,-0.21183895836025213,-0.2520407811780993,1.216281340030022,0.34227871438331414,-0.47778862854394005,0.06267897777511064,-0.26073192615678686,-1.7598504050888626,1.916662708604388,-0.2729549698764648,-0.37199929687223676,-0.4465386295969096,0.1548731031235469,0.21593962609477524,-0.7719483727316995,-0.7309388519702826,-0.9035689454581958
GSM1123277,0.8256673886174687,-1.6212454250273824,-0.7411082896445707,-0.44095185897808564,-0.2564417995477352,0.019049040300772344,0.3021149491517629,0.32125487856081025,0.49447608370103635,0.8526830134192147,0.9461652778285821,1.0188002818606636,-0.2657667965543843,-0.3002582874485243,-1.2244253065644022,-1.3750727484330516,-1.2027437351882382,-0.22586144947247414,0.8706921508439509,-0.29455392732462854,-0.7597733241959895
GSM1123280,-0.02869354381434948,-2.812743527231214,-2.3341755938220716,-0.39035922775676823,-0.010688857115342584,0.8381918388643906,-0.05092836625958846,1.2094184579360812,0.6883248827527463,1.5850297242478248,1.6433630073024739,-1.6088488646151864,-0.49425447830012326,-1.5756028650906715,-1.3384686864737978,2.344276291770753,-0.40246982238066265,-1.4837423085189243,1.3244499421156664,-0.05902973438662487,-0.8774661295823171
GSM1123283,0.9881457349986317,0.7434239362468145,0.6390124041092475,-1.4229280573603647,0.562932048506013,0.4849193718759704,-0.6372759904103263,0.11412557083643421,-0.40297662390271916,-0.10334865402965257,0.5018899164282326,-1.0141701466523176,0.8836341199446235,1.228554047076076,2.1065077609153335,-0.1153797289074097,-0.5485296359118211,0.38666833470725626,0.1593453091351138,-0.4764949222208995,-0.42059026247778947
GSM1123286,0.8534566337599054,1.0682454050470458,0.9812967168190736,0.27466713836298384,-0.5747388785328009,-0.1902963755190172,1.4270665728690128,0.8225986038127578,1.3780398211472427,0.02369193174355365,-0.8255453275967085,-0.7741644948678543,-1.5937702636614015,0.22603694430020405,-0.4366176114979956,-0.5753519163224782,0.6698638178696705,1.2930271902472663,0.5427965501996453,0.8138569047999032,0.5622336657539703
GSM1123289,-0.39596114271425326,-0.47550254227944466,0.2148439954233247,-0.06475919554998025,-0.2973580747022694,0.4592084801314422,-0.13588100008296616,0.2116990166114706,0.2724820479297617,1.5627099808094045,1.1016272435789285,-1.5575354929065413,-0.07946800357773866,-0.6368400728749566,-0.9837047296756337,1.1591031624395736,-0.17134671050371397,0.3518310861557353,2.0145269115217954,0.7222689428722064,-0.6267423760459873
GSM1123292,-1.8652465829977631,-1.2068350785579975,-1.6793972810784918,0.8900468875503359,-0.4337529545894796,0.4308008562923495,-0.8874602267635785,0.31304409534130984,-0.2381871008404587,1.3516019816891613,0.7679402739148332,0.7325790859425658,-0.21423905752637384,-0.9187840449945055,-1.258043667722004,0.5970038881855494,1.3733480770595046,-0.6757089187703686,1.8739867682053646,0.7121347804073712,-1.8435316721239419
GSM1123295,-0.23950987522937037,-1.1801539353845325,0.529781017653932,2.217172696044021,-0.27364535084809827,0.4924622026685307,2.1168140993280615,1.5468509938646526,0.8791792099044589,1.379842492565413,1.4362156880469887,-0.08413897364437287,-1.905623963213001,-0.9887069051692133,-1.2798009599120554,-0.9059990688898371,-0.08219759018992871,-1.016441870025846,0.35840510555400934,-1.5295583864374125,0.3325641319050449
GSM1123298,-0.2975769943332305,-0.053523057147049254,0.4435846121916857,0.6916898349220808,-0.5377475007900114,-0.9052389537146854,1.8687843771766386,-0.5961004286824614,0.8995034690002922,0.7138309386703506,-0.8965205086729213,0.8984756642851971,0.34877742568573483,2.4668189576389405,-0.74715046672629,0.10785573126335893,-0.3522972772478767,-0.2795299166755362,-0.15531767549761327,-0.6895703337153704,2.2470164880300145
GSM1123301,-1.1169762056234906,-1.274826901577876,-1.5295129115561092,-0.07651657060534327,-0.5370465884079508,-0.10356581720214564,-0.6822438905559266,-1.2121554985730083,-0.009928587184566443,1.6660734342112549,0.8921935506848521,-0.8978829969601949,-0.22328730280269532,0.4419144354822227,-1.2366514820010577,0.9709065551820869,-0.6369964430084561,-0.5860780214716754,1.8185948918741472,0.5894328886098564,-1.1836340783027146
GSM1123304,1.2931934186546519,0.5944711433230168,1.9037646690679983,0.24216616978178626,0.3471355403337245,0.46157505327966974,0.9232387173141293,-0.7619310869482797,-0.7481824422335692,-0.3630170300576758,0.491099240480171,0.7948650472811686,0.6524155453565726,-0.9050813968785918,1.7343514477996327,-1.6422093053397149,-0.8617787616686984,0.15042353930050514,-1.2277013273681954,-1.8325768828993965,0.9575497566463825
GSM1123307,0.2724328133394307,1.9819388604747117,0.5307507844082502,0.9391760429385979,-0.005256707293503411,-0.031100566889735358,-1.8382719775229672,-1.613758492857968,-1.1756394175077174,-2.0755588125136333,-0.18392664182768104,0.008794809196630166,1.0624474638738117,0.48168400754937213,2.2528389784090326,0.7589928287812244,1.365058355580758,0.9472500825915947,0.2842574550500845,1.0881044538424394,0.04201551198249608
GSM1123310,1.0476328111326867,0.5540073013851791,0.4627782383580333,1.0752585891225348,5.507969819410345,3.2901961202705325,0.207547518632693,0.4046533710452552,1.8175771050252822,0.6170041188051584,4.024648627068604,0.8287116499696404,1.6166376700892404,0.2305038656043658,-0.1904480024353485,-0.3183887739081542,0.5615105953677726,-0.8108454635048847,-0.12777028889888822,-0.825658239560468,0.9128465670245303
GSM1123313,-2.825398964025784,0.57508571707468,0.2311950140045484,-2.8667514327081296,-0.45510638568711104,-0.4369648108095694,-0.8204543513110799,-1.3268217078912636,-1.6991301777613923,-0.9402941986481684,-0.9375905042142774,-1.001880218055308,1.9904758896346588,2.678954260015918,-0.49847644469409735,-0.2680008449874106,-2.676722561978892,0.36000415769526734,0.7326917808448044,0.7388782512998026,-0.5463790397552563
GSM1123316,-0.6658185511185645,-0.804887710309248,-0.17501190975691736,0.28682686208109154,-0.403010360883775,-0.36699037100237214,0.8404227768427126,-0.7653409755464373,0.5195231314020832,-0.06054226711153023,-0.5642612541438875,-0.816843546440506,0.562942630689531,-1.0681623514818874,-1.1834494308148837,0.748465267122482,-0.16738412490303292,-1.399356971557479,-1.1249997233214042,-1.6250462798096312,1.0133830723439066
GSM1123319,-0.7245955242115615,0.06311989977698287,0.31131796147488205,0.11806704230923555,0.20270980386785084,0.001509788695587955,0.39981033297251867,-1.2103841854460924,0.17927651431187838,0.0749884424966804,-0.3333369467099837,2.033360340626585,1.3240856880935234,-0.6496767996225535,-0.9689456342289173,-0.266448120370821,-0.6479501190418334,0.5687715750219865,0.31325303395462994,0.4780367774600231,0.7184503317391103
GSM1123322,0.6500187106917092,0.20147675354052363,1.9461636961670066,0.2376564437255249,-0.12066531978262442,0.4092244910035514,2.565738210800945,1.9340153533841877,0.8629015054230432,0.2504585313274667,0.3713728408783617,-0.25836652332429,-2.8608243331390213,-0.38491919237704664,-0.9351434464309935,-1.8345570227738701,-2.439563975174724,-0.028028351108950803,-1.2257063397491956,-1.8698060584166798,0.44941144595010873
GSM1123325,-1.2148685887745319,-0.6640145004375833,-0.5298884419414529,0.20521338959727387,-0.8942455457015451,-0.9505807671605103,-0.43367222906408576,0.17689672175682195,-0.05426422435580222,0.19481018496450167,-0.9231175746625175,1.1216510745421893,-2.0285485412698554,-0.2609588011630722,-0.8018691717586186,0.30475858735690714,-0.4836934878634315,0.10747362596857221,0.4587629552924629,0.3577292149142722,1.0365428468191729
GSM1123328,-0.5203373291062281,-0.3851198476997827,-7.467354546755826e-05,0.12640139102391035,-0.9041637178693679,-0.5893456265115897,-0.5251668403494266,0.7304082047676552,0.7545861891343231,0.6715351961366685,-0.48052580616332646,0.5342483363993339,-2.1318101494101382,-0.8184659981861664,-0.6600001643689813,0.25851473187221874,1.5636394427125802,0.6840059255412059,1.3304419448902487,0.9932010038288942,1.7777551781777081
GSM1123331,1.013382445030885,0.2745610717591319,0.9571967642760706,-0.5188409106865204,0.4525500211405988,0.5263157853336679,0.32673212159880427,-0.3382086756640617,-0.6668213707580876,-1.29280884029843,0.09240993292932953,-0.8033985287098268,0.7892079599733268,-0.30479692426307603,1.4043957704529566,-0.2563734143393536,0.05204161000000726,0.4900237972392811,-1.3804832013043438,-0.4972395509686521,1.0951997074711282
GSM1123334,-0.9066969156278041,0.33962625433484955,-0.7976799348779138,-0.5058641740276247,0.19656820990565077,-0.24984607562276637,-0.2448760926458734,2.1008557606716978,-1.5496369885365189,-0.00680350771898423,-0.23124102509138147,-0.9876097181644908,0.441229932600395,-0.5498832233503287,1.6332494540848994,0.5201797963403628,-0.05792819641395932,0.7627392419363859,1.3730825071191424,1.213338169300195,0.0662421460573753
GSM1123337,-0.2114755475541323,1.4766741166541775,0.28952280612765274,-0.4285957119693023,-0.6349182062067324,-0.6019967307714967,-2.553437331065761,-1.390488721611778,0.2903983419064361,-4.40697040221264,-1.088032671862912,-0.08547682762092311,-1.1011261557599248,2.14465725413064,-0.5856966620414745,0.8238922135787324,-0.4786327628504161,0.6242915348095635,-3.150777756258559,0.42952416878346544,0.3335378144201923
GSM1123340,0.006877203189417131,0.7947403224202572,0.6861685957806924,0.21095174995238164,-0.7317019356826225,-0.7078793110275667,-0.32198315065486594,0.17176109022355424,0.5058665502390052,-0.15212732885864097,-0.7057342374539207,2.4213668674657134,-0.04449887930367683,1.0662821010530947,-0.34382746188411006,-1.387128997193818,-1.1114761236102093,1.410027356429957,-0.5384637384207883,0.7779102946457158,1.4823807559129394
GSM1123343,-1.2245997330566047,0.10029399767786182,-1.0769256977976476,-1.1160694161764528,-1.1185421079913804,-1.6529675956802694,-1.8994590524598887,-2.114529321797299,-0.3518532113435835,-0.4107712204866618,-2.0458625812534015,2.041447585157759,2.0435296041778286,-0.651233187118799,-0.3709660967381795,-0.43875254391506135,-0.4942519165073912,1.2026889652539858,0.6825264740963953,2.011973730852817,-0.40974782829267825
GSM1123346,0.4095838540979335,0.8237321392452512,0.2726588847072314,-0.5639987021261856,-0.28747460089574944,-0.19296552595770852,0.039946678249728265,0.26539651661916736,-1.3533646882686097,-0.6437748735122769,0.1176529438740207,1.5432287239419709,0.42821453523296404,0.2572907497611023,1.6205042262183962,-1.2460603422207532,-0.5185909057033208,0.49860479743717756,-1.2756476166545307,-0.5098366442697898,0.315888903840601
GSM1123349,0.1274353841558264,0.8201109270829364,0.6492029035688521,4.03101507592374,-0.28880867634340934,-0.6407353636868119,0.2264150875062051,-1.863444786078205,-1.4522137993308277,-0.8145865515602624,-0.7510669735543379,0.5499085492711966,1.1320953272599257,0.26879830997509147,1.4540373776237707,-1.5532077056496025,0.9342492642848809,0.4022739104814131,-1.6309443123465903,-0.8727680367149688,1.2890978525988217
GSM1123352,1.8625641711222993,-1.08129670754693,-0.6225243840769478,-1.861672831315716,-0.0722740589885869,-0.08936485180447372,-1.089092560204832,-0.34972372470695196,-0.7716776840536013,-0.46510617158376294,-0.14126273804069248,-0.6427639810248857,-0.5964216950365986,-0.42375622206103203,1.3693662580234645,0.016554775395721234,0.48983680589592365,0.870145320665785,0.357922126539067,0.9372473932660245,0.8737386856509352
GSM1123355,-0.321509079392731,0.5007818327633603,0.0504371638851716,-0.38328298531390304,-0.2877209825795585,-0.12862067717829323,-0.12062535872614374,0.8298267514595637,0.2810438488523288,-0.03964344466679761,-0.853385677387922,0.9746319730083706,0.7466798331035834,0.3429803728607445,-0.6691315434738939,-0.06379077592208691,0.500231086430764,-0.17308737634296542,-0.7632703885680657,-0.10325671291509585,1.148616725601781
GSM1123358,0.37064539732401103,-0.27702568900518715,-1.6490928401390907,-2.6310247004995104,-0.16948088189462232,-0.12453338224109968,-1.7158902480129428,0.08503340553006247,-1.0048030918517978,-0.6026373587364261,-0.5693678288113834,0.11366464917377796,0.5654635817722257,-0.014498948600613269,0.954326178233996,-0.7994069915497259,-1.8079833369409406,-0.6985994443082262,-0.10776435923362862,-0.4123589961289105,0.503856233717077
GSM1123361,-0.14798341744496551,0.6126004190138008,1.2844800493795436,-1.388045885974749,-0.8243537773014257,-0.21269438404626062,1.0734976288260039,-0.4459880472569381,-0.2178926431810737,-0.9091509543717678,-1.0044317983549627,-0.5772109770626781,-0.341127444935767,0.05672549115356881,-0.49172746264144523,-0.31543960032090357,-0.3079197094874301,0.45130023586977974,-1.3127107266389195,-0.6959842291034042,1.2418276731920967
GSM1123364,0.6371815542250826,2.4212570509870717,3.00492007125392,-1.3139435288581651,0.936252748869802,0.3572765601206055,1.2215057320406952,2.0075422009386386,0.60139439683298,-0.802451436101473,0.1918318777629987,-0.5642862547755642,-0.8971467920018821,4.085916453224571,-1.1875772173329593,-2.945041788773657,-1.1130996791416716,1.7719208087585665,-0.7433107921841617,-0.16955624918288414,-1.2742859631732275
GSM1123367,-0.22430243854704696,-0.3909363459847752,-0.29246604240794666,-1.673914965410427,0.2311578493141895,-0.2607829327598936,-0.3680818962116837,1.6083412567069966,-1.2547279661415771,0.2194269596829126,-0.048847322557779314,0.26779129943143426,0.0815800238171298,1.2516385441020503,1.314399679250821,-0.3701069490620506,-0.3300429405459765,0.8073123341022234,0.32753355011832624,0.6189084878710128,0.8481422603984662
GSM1123370,-0.4564850850838498,-0.21429564167760418,-0.4604768678555083,2.213856345060478,1.9215061414912822,-0.06356352120801743,0.5891118784995942,1.0059829870182526,0.8164274926513536,0.527062886898182,-0.24926990843590627,0.40930829135499414,-0.15992876318754146,2.734540306437971,-1.167035234248724,-0.8405788051285346,-0.4256850191765437,-0.8044883027585142,-0.6166476623712162,-0.648032218338608,-0.785055491739866
GSM1123373,0.28094291560000295,-0.06920899455530051,0.15289096132657662,-1.9219995665166625,-0.582452526233315,-0.8225686394542085,0.14104425821196123,-1.180488046415504,0.8976298292114264,-0.10857951017674435,-1.2953961031533083,1.1587866903807225,0.6906634813509668,-0.5319354481781036,-1.056729612650001,0.07183790012599726,-2.5767796178966487,-0.8147165678990249,-1.5417745867695631,-0.8468421178378936,-0.05042122390720545
GSM1123376,-0.722487841405885,0.25739028206878845,0.606939079706672,1.5076095857383107,-0.30322951524566794,-0.41384689042361006,0.15065859047608415,-0.4557421847218145,0.11810406519474893,-0.3828633357289183,-0.9629639567409304,-0.43621295796732923,1.4103300815855673,-0.6365459450122118,-0.7651989805304477,0.5164497871930284,1.5477853912534136,0.044666000954883406,-0.8262089808962222,-0.13653674620149334,-0.2368430916968557
GSM1123379,-0.8910525170558463,-0.786327970492763,-2.6422535005469387,-0.1906497991520712,-1.0634637057998377,-1.0943803141547332,-2.194866000963278,-1.575719038517539,-1.2677504513693767,-0.12558151179076912,-1.0531575394030126,-0.33186700033295813,-0.13749281443272673,0.2916700191717063,1.5315244717489567,1.3801800488658467,0.039454741123865836,-1.03062563184925,0.5864749250755984,0.5213898857719617,0.6511915832198433
GSM1123382,-0.3028902194499687,0.475682344206761,-0.9813181356878584,0.4609412945912065,0.24983773121453998,-0.04580981098040983,-0.9483579118333592,-0.9091671938637322,-1.347417500980945,-0.037216415342086376,-0.3080740544338968,-1.5222712558319202,0.22168776147960506,-0.8172357621915202,1.4544363501214905,1.233672017639074,2.13311807768836,1.3292743177504738,0.9646190946624782,1.8762185318068376,0.2048885717482059
GSM1123385,-0.4004614549443099,0.29744807321372857,-0.3181586271532823,0.7372590570864699,2.1172349136235145,0.16530524619084877,-1.174483361775485,-0.5090179295771227,-1.4022839910293055,-0.3307661325644402,0.35118450116385225,0.8755307791339246,-0.17866686522860353,0.080499137963745,1.4905025733868356,0.04591737824194125,0.7879920027280545,1.3299455338505475,0.6188537947447205,1.6438697409360103,-0.308176673018428
GSM1123388,0.19342990535685364,0.6711493430455057,-0.847275040064354,0.6794589336021434,-1.111834007200998,-1.0663100975510247,-1.2589576352812246,-1.3571144930237975,-1.4434896646165223,-0.8979289968846222,-1.1696092480933127,-0.2677326443928084,-0.3725888348824905,-0.35097202794024057,1.7205473252182395,0.3425748711105975,1.3185117369994432,1.508037748013678,1.7224307283471267,2.3634825940446964,-0.6252067699610157
GSM1123391,-0.3746348580836354,0.94016688883588,0.519122632084069,0.7474474632495786,-0.6339354688842533,-0.7574853116772079,-0.29526136600329544,-1.8656754185746465,-1.45354621028613,-1.134298653338682,-0.9874387670734085,1.303989449613051,0.7810787295723459,-0.49553046763209535,1.1806783756189745,-1.078813916470139,-0.36714627214713114,0.9543166329928076,-0.4891085564369236,0.4716337579319822,0.11866199744835354
GSM1123394,0.34675211367268216,1.6735312914160407,0.9720730457361499,-0.5092097525099891,0.3776434028098785,-0.179745050848561,-0.23374629441859207,-0.7225613801947209,-1.4785999530926537,-1.240461854951958,-0.6285404575859849,-1.9762548373236977,1.0419154973633433,1.0319725167183422,1.0660237972444613,-0.35997348999999296,0.7856482034383828,0.3296464017606955,-1.3029082326986356,-0.15469872758219524,-0.7851278114580262
GSM1123397,-1.2145984184542156,-0.4521980112533461,-1.2485164500812966,0.8071506675427568,0.038342392059393694,-0.22200911126771863,-1.3479286123061696,-0.170353287835115,-1.0274510409191129,-0.1986230936092884,-0.6835316319110318,-1.7717750123652836,0.3188087446262673,-0.7723910957982298,1.1827340463762217,1.617427623782805,1.7503150445221034,-0.5936037230716487,0.23371148455091362,0.2704135897400423,0.9090572057692444
GSM1123400,-0.9299385544131918,1.1688956731165134,0.016706105123025568,0.7572594534864555,-0.7519449435042069,-1.1364133802433494,-0.8101524846993123,-1.4311581972304959,-2.2047174092669812,-0.9323268870997895,-1.3188423521115726,-2.062948845707859,0.16855373945420404,0.7219432760998297,1.5266111245916991,0.47362446335743597,1.5392694583709186,1.397865216755387,0.1793023264916938,1.4817077009248332,0.40947325523190037
GSM1123403,-0.1096295909035306,0.25791051115839997,-0.5590187747448009,-1.298382763597487,-0.17753912188061793,-0.2777598517162869,-0.48767900034821243,-0.5138616744514715,-0.3006486280699441,-0.4641272119994101,-0.7005822887485953,2.252050028547472,-0.3283677102112544,-0.938848334254293,1.1963406925527136,0.03007380196567444,-0.8677932478410434,0.4169043111961332,-0.2001921516378133,0.5708334854157748,0.2904291804477334
GSM1123406,1.146270439193158,-0.0197053542350959,0.7917023020545528,-1.0618031990925618,0.46349703811807075,0.5416696042493965,-0.08107986762525879,1.7134321065992681,0.034034442338610006,-0.8435969577960618,0.0513243552129843,-1.533346927594493,-0.596341550931724,-0.20610257457568404,1.1709168053362007,-0.44950820245509476,0.16934114122476268,0.9200739095821839,-0.42427257900595355,0.3548190533572065,1.2247077540018256
GSM1123409,0.8714791278778454,0.019576605143935322,0.3079540634184272,-0.8785068521701097,0.6185572441011298,0.4678559372169228,0.40366544971127355,0.8474192022809839,-0.03756902310928289,-0.5684570680103042,-0.10086873095084124,-0.6162187599283294,-1.5830043813086632,-0.469961649501854,0.9797825494214614,0.9455695432197534,0.04538694053129991,0.16400524156088672,-1.3677239580780614,-0.23337184682712347,0.5411577379078635
GSM1123412,0.7523541269918346,1.1115606174598056,1.4362219524226525,-0.16837134219917924,-0.5242999973955857,-0.33988170341765944,1.2865035751142742,1.5149153201634775,-0.5016129106159621,-0.9227870121183802,-0.5908736893564412,-1.8149650222187759,-0.4432281117854606,-0.7521267766558496,0.5616717835098539,-1.7887890089197456,-1.970208120831643,0.38029698817077273,-0.6999994164278279,-0.5238431039785214,-0.4688412331790584
GSM1616280,-2.1375583667287654,-1.6842046277087788,-1.61880980335959,-0.7427409243451607,-1.5833784123578334,-0.9508505836746578,-1.3295480388109278,-1.2112798144859978,-1.8040765489796724,-1.6657894640674198,-1.6749189340796855,-1.2941624540448766,-1.383178951460109,-0.6767303546819563,-1.3043193619637805,-1.4692397749625505,-1.2759254880494828,-1.7965593760786116,-1.3608091583944444,-1.4549089116990137,-1.4218530603300736
GSM1616283,-0.3502154660586751,-0.1854872175716681,-0.33051473470586784,-0.25156888813095885,-0.07628442915362799,1.4958790336320742,-0.22142323476997394,-0.17560925717468243,0.0035421343849921165,-0.005023265570094063,-0.1345942850304675,-0.31560673418955165,-0.3774814980953149,-0.0856360731355697,-0.03369535539868485,-0.17917350312044245,-0.19421746156424777,-0.18516069240975705,-0.1180160018548047,-0.26996422603682685,-0.32282140262862896
GSM1616286,0.12404259888061057,-0.04869002112870627,0.12469078312479728,0.08885187215972289,0.2581446740855089,-3.142281829398395,0.2165090670614351,-0.038337240308763405,0.10738612791603362,0.16915587202431745,0.09625665317684964,0.07570656832239629,-0.19857853177402046,0.05584938458882814,0.1250790520245443,-0.2941266833451892,-0.06867149123686835,0.036534387421572626,0.1987937145455778,0.07922959066791192,-0.17487796358380125
GSM1616289,0.3848778196293083,0.8998137818086329,0.5470387817926685,0.499098991715452,1.0030110216857586,0.07540360888123007,0.47540700244998596,0.5473207597986505,0.653612879332913,0.46482994002325706,0.7331835243413719,0.7629745656444997,0.7580130629024068,0.5690285628721196,0.2419189345723213,0.7850020656701604,0.6360299391785031,0.5901759300545957,0.39188835138117983,0.5280724944791679,0.747409115656426
GSM1616292,-0.996894328780153,-0.6408648956036889,-0.7192565672121403,0.0494452250674918,-0.8748176521638411,1.5990224419905728,-0.602546083596231,-0.45632674315851246,-0.7888550215827236,-0.8590352140117713,-0.635141338650261,-0.5519870943403719,-0.1441530164325701,-0.27882281549191884,-0.5541600620075192,-0.5451855592327547,-0.5906439752825808,-0.6599851833731146,-0.7747784636042008,-0.6982532656384952,-0.5088408805932634
GSM1616295,-0.07299376657464925,0.13772047193145281,-0.17674228381291157,-0.24861262430218697,-0.1389358257105501,-1.699601799617647,-0.13539114373612193,-0.21187440526770365,-0.08044797336464461,0.035726552937049336,-0.0336073856577239,-0.0768347317556831,0.06429249598629587,-0.1521001310074907,0.017971361580035504,0.061202779588851106,-0.09804550118134278,-0.07750815542997333,-0.022725047196612582,-0.05295605301813421,-0.088789472678926
GSM1616298,-1.3521810546235886,-1.5248485219013341,-1.0814986090126195,-0.6302817329214156,-1.0766127189248003,-0.8003567254707651,-0.8337134113371879,-0.8538981821119747,-1.346678678796608,-1.1283435380020208,-1.3627807061323414,-1.1383740750902627,-0.9587120994635775,-0.5245820495479019,-0.5946773474822746,-0.7960574295407651,-0.6061997119374687,-1.106448602280394,-0.9462016226870281,-0.9245790450760554,-1.0655799867309612
GSM1616307,0.2052045856989549,0.13180122844955314,0.07619817192410042,-0.057728706641656205,0.11327750115946604,-0.7176743478168384,-0.09503994359294614,-0.03200472695152301,0.213575984657479,0.042201120899474406,0.19531316553619807,0.025176017896565435,-0.2066873167036584,0.1376303375714441,0.1420766810709428,0.07801070375746409,-0.052923698648399214,0.13212276955635208,0.10663435075758002,0.055416482367760395,0.11801556289507854
GSM1616310,-0.9592880701542944,-0.7782080726989958,-0.7670166462233134,-0.15941182297709083,-0.7487411161691426,-0.724722353148775,-0.5809401864074248,-0.45026882303446053,-0.7723339775541276,-0.8635941780009213,-0.6973596109951807,-0.6247338849099644,-0.789470260578034,-0.5117471722088609,-0.46983019226867484,-0.8955497376106999,-0.5186272228960481,-0.774659207204973,-0.7577328337741481,-0.7072394321424798,-0.8537910263126428
GSM1616313,-0.7118188727910603,-0.7591288032705515,-0.6352716581161749,-0.3140642776230196,-1.0679217773724385,-1.6743117554045897,-0.44279245052697896,-0.3814154433029413,-0.8009992240865846,-0.6267372684514977,-0.9306402233322871,-0.6353076045771424,-0.777092875537043,-0.3544762046153039,-0.3340054908953825,-0.5615203043421,-0.3733406599272698,-0.5998429052609849,-0.4794927709424594,-0.5378485196885017,-0.7410466272147362
GSM1616316,1.1572100161631367,1.3757022887062706,1.3789100793111866,0.8541668338784973,2.0115947898122233,0.06695891421065062,1.1348730045048543,0.9981642298678033,1.4157057945754836,1.2100389439802992,1.413280258686752,1.2863443821209744,0.7974011594511984,0.7338293965756021,1.0523729079230975,1.238335927505117,1.0046724997582097,1.2356143868578313,1.0980021732708825,1.177495772306278,1.3639543437402573
GSM1616319,0.1383423153697909,0.23284974311371118,0.3071447681309167,0.22189644840469017,0.3545768787894729,-1.0548297177034522,0.44120566999327876,0.2904236158321924,0.4084821602954438,0.301087955214386,0.2762230583405811,0.39435377312909287,0.26002293935299914,0.2020075256255823,0.09390193749608733,0.2950697158494786,0.20253739900058135,0.36935437060915355,0.2710482866732776,0.36374483194255885,0.3887318918265108
GSM1616322,-0.6467478425445919,-0.20681709993121272,-0.43043490567402287,-0.060074549379998246,-0.41830901270597687,-3.1888053887211982,-0.4265949593433298,-0.33814780539805744,-0.48157327522297455,-0.4670065652951599,-0.4929623971005256,-0.3777391711190751,-0.5905253412444483,-0.17833520584609625,-0.25844960939032247,-0.6098489265408809,-0.3149803263549623,-0.4620085470286031,-0.3729402560163952,-0.28092215123281555,-0.2467966517437417
GSM1616325,-0.7095675464583111,-0.5268531420065784,-0.6647723102341239,-0.2955538613277106,-0.39856178408004944,-0.21714778901086293,-0.5065930570016004,-0.3720209426111085,-0.6950962096379457,-0.7189484272471774,-0.7933621225225745,-0.5346876808311609,-0.2961860876221496,-0.4104718883548506,-0.4352914937997803,-0.6731955237221688,-0.40851842986901865,-0.5082558203375164,-0.614133597931182,-0.4661243412097508,-0.5132347487680801
GSM1616328,0.4634082773006185,0.20292457408952713,0.20421853478213484,-0.10558706904256843,-0.1941421764535395,0.47275634414086803,-0.03113211799202748,0.08276128106651219,0.04173782935161208,0.2653997003945327,0.06481501591329719,-0.0829908084355786,-0.38198280410749536,0.06258006050251363,0.1256226601905154,0.19737914856552793,0.12312279826720701,0.12265361444773784,0.1851558655264009,0.11153896814554032,0.07005350434453629
GSM1616331,0.2005244069082545,-0.012021137687032182,-0.16997597037986767,-0.44961136490739445,-0.03371705905125688,2.124298509826867,-0.146837041762366,-0.08131202166391971,0.12773899350334558,0.02321575431858638,0.01578637538103215,-0.12300063182936447,0.06871764030289278,-0.3162169158544932,-0.007436501346416352,-0.011595521611863151,0.00570857484255526,0.1554798957351024,0.04889891086398373,-0.1644046933656863,-0.12772660130156022
GSM1616343,1.6804002462472272,0.8920950396830505,1.0215404927320542,0.4084681668237186,0.8783729741343297,2.2026097283421495,0.886126088328943,0.785156120175235,1.0726029729138007,1.1212154268697074,0.9517537340192573,0.6700081160660969,1.1004891630105915,0.5578253501083398,0.5587231597371123,1.0365602253591661,0.7793770798077346,1.0227788756643146,0.8768912568462521,0.9821984347128074,0.9450975745457201
GSM1616349,0.7961823566618681,0.6305798667737093,0.7490326364259596,0.6529501153042643,1.3693389414580988,0.5864118315479541,0.632485397328384,0.5317286089664628,0.7720502043695592,0.6834050477078135,0.826258480800674,0.6820257121743957,0.7908793482091804,0.600926434033415,0.5509148685124675,0.8147844659525769,0.43942468140649665,0.6016388930801152,0.6449042113384413,0.6364862602599358,0.8323972385429076
GSM1616352,0.1895378869759018,0.03901483958724678,0.19902356743604094,-0.19124548099399627,0.09720484759902566,1.8789438329079606,0.12104380962438391,0.05094397837480356,0.2938827192788039,0.14027412820389515,0.22751252893074633,0.11087552809944139,-0.10801082061813362,-0.08518599932036884,0.0489481522525451,0.10900628892510024,0.05329125892318339,0.20597731463355556,0.131751243634799,0.07084757944667523,0.07682138433121623
GSM1616355,1.072414335751285,1.0118065100868647,1.1723581107119914,0.6379680101679479,0.8202769525986414,0.10204918677932583,0.9844622325765485,0.747111357448546,1.050644593641404,1.0086211848869435,1.0474228552148643,0.844802687791773,0.5846990274833345,0.527535258418104,0.7310707873468091,0.8992884642421008,0.6983838790210728,0.9144810010249239,0.8570876835617965,0.9319400823133211,1.1353811301815526
GSM1616358,0.8077041931712207,0.3460151350601553,0.6431302074589962,0.3326995747942612,0.9071424050272875,0.16989377638668104,0.5184891027470276,0.379230676098452,0.5166282511616099,0.548355065424877,0.6673540206696977,0.6871219293538008,0.44513403329956214,0.2957337391131211,0.45749936705884353,0.3164415064226986,0.18951340790668542,0.4175872970579726,0.4716620665428139,0.4861801724241693,0.40018234930739105
GSM1616361,0.9492341916176906,0.9919113758546878,0.8102023815250282,0.5337590839231007,0.7836838168000189,0.06193530702000377,0.5435188850982456,0.5794558906036802,0.840534849041193,0.6597889888940055,0.8297811206197501,0.6791748227535064,0.9451093692109623,0.5021149951904543,0.5048987821104522,0.6714878178567767,0.6819182485597627,0.7805936082020452,0.6806866466606468,0.6987273522701313,0.6649080625208998
GSM1616364,1.568244905692212,1.6998249951464859,1.5469131063512513,0.8945066196219323,1.07826386818086,1.4704133256166907,1.338145316292319,1.1342511333778682,1.3978306071040507,1.3978610245543788,1.5690638863443902,1.2054510980005682,1.2211088359528337,0.909348781104424,1.0035130362788993,1.4592745272787389,1.30267767331441,1.3848357184104765,1.245219225447847,1.3247477171118673,1.5023791302217764
GSM1616370,0.6015812298862451,0.5371491702195021,0.35811164270656143,0.11647508188066219,0.5519376063424835,1.4927354746401162,0.12431222156553577,0.21783764131753222,0.4385064264412219,0.3945585515084241,0.4136630289865309,0.18325674617539028,0.6299896709890419,0.15889900118345351,0.1610916112596223,0.31689563231799217,0.24203581672382307,0.42622984475751485,0.28493120042841874,0.3299019750193245,0.36176013677919067
GSM1616373,-0.712656413364142,-1.029209404539861,-0.8453325491244634,-0.5543143162057388,-0.7955107195766541,-0.15751060939531186,-0.7015073625569629,-0.6351783338946937,-0.7408142256038903,-0.6614759114070776,-0.523021513222913,-0.7103842485079777,-0.521701101341897,-0.697264181718856,-0.5195512437264875,-1.0416847662028133,-0.6884269893735425,-0.8058166698833981,-0.706183744958336,-0.8396578975745159,-0.8101076480662558
GSM1616377,-1.6889880067559702,-1.7328757899714804,-1.6988871164056878,-1.2294905877121423,-2.8198931281582484,0.5287811907453581,-1.3625188299074225,-1.1067115687974334,-1.8435872984685697,-1.4697813996600027,-2.0492790790395317,-1.1414629672849301,-0.932095753062799,-1.041739904629498,-1.304186936534564,-1.201561902209335,-1.1681725287008438,-1.4198126692758894,-1.340541725607658,-1.3796691525404619,-1.731625122203753
