Gene_set,Term,P-value,Adjusted P-value,Old P-value,Old adjusted P-value,Odds Ratio,Combined Score,Genes
GO_Biological_Process_2023,Cell-Cell Adhesion Mediated By Cadherin (GO:0044331),4.7607273271204236e-05,0.012568320143597917,0,0,inf,inf,CDH12;CDH9
GO_Biological_Process_2023,Calcium-Dependent Cell-Cell Adhesion Via Plasma Membrane Cell Adhesion Molecules (GO:0016339),0.0001421945234420395,0.018769677094349214,0,0,300.8484848484849,2665.010512003306,CDH12;CDH9
Reactome_2022,Adherens Junctions Interactions R-HSA-418990,0.00028313929046518144,0.044736007893498665,0,0,150.3939393939394,1228.6540544232273,CDH12;CDH9
GO_Biological_Process_2023,Bicarbonate Transport (GO:0015701),0.0007016412135168691,0.06174442678948448,0,0,75.16666666666667,545.8669762962464,CYB5R1;SLC4A3
GO_Biological_Process_2023,Adherens Junction Organization (GO:0034332),0.0009779829829329378,0.0645468768735739,0,0,60.121212121212125,416.64109949341514,CDH12;CDH9
Reactome_2022,Cell-cell Junction Organization R-HSA-421270,0.0012982514303593402,0.10256186299838788,0,0,50.09090909090909,332.94109748981595,CDH12;CDH9
GO_Biological_Process_2023,Cell-Cell Junction Organization (GO:0045216),0.0067892113042615195,0.11161813622129643,0,0,18.74621212121212,93.58897368458453,CDH12;CDH9
GO_Biological_Process_2023,Cell-Cell Junction Assembly (GO:0007043),0.0053717733621658674,0.11161813622129643,0,0,21.432900432900432,112.02113717479165,CDH12;CDH9
GO_Biological_Process_2023,Leukotriene Transport (GO:0071716),0.013952267027662054,0.11161813622129643,0,0,146.0,623.728537854309,ABCC2
GO_Biological_Process_2023,Cell Junction Assembly (GO:0034329),0.004109504399554668,0.11161813622129643,0,0,25.015151515151516,137.44457033035158,CDH12;CDH9
GO_Biological_Process_2023,C-terminal Protein Deglutamylation (GO:0035609),0.006999917822024454,0.11161813622129643,0,0,inf,inf,AGBL5
GO_Biological_Process_2023,Peptidyl-Glutamic Acid Modification (GO:0018200),0.006999917822024454,0.11161813622129643,0,0,inf,inf,AGBL5
GO_Biological_Process_2023,"Synaptic Transmission, GABAergic (GO:0051932)",0.006999917822024454,0.11161813622129643,0,0,inf,inf,GABRG3
GO_Biological_Process_2023,"Neurotransmitter Receptor Transport, Postsynaptic Endosome To Lysosome (GO:0098943)",0.006999917822024454,0.11161813622129643,0,0,inf,inf,CACNG2
GO_Biological_Process_2023,Lactation (GO:0007595),0.013952267027662054,0.11161813622129643,0,0,146.0,623.728537854309,FOXB1
GO_Biological_Process_2023,Regulation Of Cardiac Muscle Cell Membrane Potential (GO:0086036),0.013952267027662054,0.11161813622129643,0,0,146.0,623.728537854309,SLC9A1
GO_Biological_Process_2023,Cellular Response To Epinephrine Stimulus (GO:0071872),0.013952267027662054,0.11161813622129643,0,0,146.0,623.728537854309,SLC9A1
GO_Biological_Process_2023,Gamma-Aminobutyric Acid Signaling Pathway (GO:0007214),0.013952267027662054,0.11161813622129643,0,0,146.0,623.728537854309,GABRG3
GO_Biological_Process_2023,Vascular Transport (GO:0010232),0.012910527742700831,0.11161813622129643,0,0,13.02239789196311,56.64368293653826,ABCC2;SLC4A3
GO_Biological_Process_2023,Organic Anion Transport (GO:0015711),0.01007238176883885,0.11161813622129643,0,0,14.984848484848484,68.89970515324772,CYB5R1;SLC4A3
GO_Biological_Process_2023,Protein Deglutamylation (GO:0035608),0.013952267027662054,0.11161813622129643,0,0,146.0,623.728537854309,AGBL5
GO_Biological_Process_2023,Mammary Gland Epithelial Cell Differentiation (GO:0060644),0.013952267027662054,0.11161813622129643,0,0,146.0,623.728537854309,FOXB1
GO_Biological_Process_2023,Phasic Smooth Muscle Contraction (GO:0014821),0.013952267027662054,0.11161813622129643,0,0,146.0,623.728537854309,EDN3
GO_Biological_Process_2023,Cellular Response To Acidic pH (GO:0071468),0.013952267027662054,0.11161813622129643,0,0,146.0,623.728537854309,SLC9A1
GO_Biological_Process_2023,Positive Regulation Of Hippo Signaling (GO:0035332),0.013952267027662054,0.11161813622129643,0,0,146.0,623.728537854309,FRMD1
GO_Biological_Process_2023,Transport Across Blood-Brain Barrier (GO:0150104),0.013925427838403856,0.11161813622129643,0,0,12.477272727272727,53.32834736973825,ABCC2;SLC4A3
GO_Biological_Process_2023,Vascular Associated Smooth Muscle Contraction (GO:0014829),0.013952267027662054,0.11161813622129643,0,0,146.0,623.728537854309,EDN3
GO_Biological_Process_2023,Visual Learning (GO:0008542),0.013952267027662054,0.11161813622129643,0,0,146.0,623.728537854309,FOXB1
GO_Biological_Process_2023,Telencephalon Cell Migration (GO:0022029),0.013952267027662054,0.11161813622129643,0,0,146.0,623.728537854309,FOXB1
GO_Biological_Process_2023,Cellular Response To Catecholamine Stimulus (GO:0071870),0.013952267027662054,0.11161813622129643,0,0,146.0,623.728537854309,SLC9A1
GO_Biological_Process_2023,Response To Epinephrine (GO:0071871),0.013952267027662054,0.11161813622129643,0,0,146.0,623.728537854309,SLC9A1
GO_Biological_Process_2023,Positive Regulation Of Toll-Like Receptor 3 Signaling Pathway (GO:0034141),0.013952267027662054,0.11161813622129643,0,0,146.0,623.728537854309,TRIM3
GO_Biological_Process_2023,Cardiac Conduction (GO:0061337),0.003006814580962714,0.11161813622129643,0,0,30.03030303030303,174.38218706028889,SLC4A3;SLC9A1
GO_Biological_Process_2023,One-Carbon Compound Transport (GO:0019755),0.004720969154291771,0.11161813622129643,0,0,23.086247086247088,123.64396400744948,CYB5R1;SLC4A3
GO_Biological_Process_2023,Regulation Of Heart Contraction (GO:0008016),0.004109504399554668,0.11161813622129643,0,0,25.015151515151516,137.44457033035158,HSPB7;SLC4A3
GO_Biological_Process_2023,Regulation Of AMPA Receptor Activity (GO:2000311),0.020857331972130334,0.11715607746047678,0,0,72.98529411764706,282.456718466405,CACNG2
GO_Biological_Process_2023,Positive Regulation Of Regulated Secretory Pathway (GO:1903307),0.020857331972130334,0.11715607746047678,0,0,72.98529411764706,282.456718466405,RAB15
GO_Biological_Process_2023,Limb Development (GO:0060173),0.020857331972130334,0.11715607746047678,0,0,72.98529411764706,282.456718466405,KREMEN2
GO_Biological_Process_2023,Xenobiotic Transport Across Blood-Brain Barrier (GO:1990962),0.020857331972130334,0.11715607746047678,0,0,72.98529411764706,282.456718466405,ABCC2
GO_Biological_Process_2023,Cochlea Morphogenesis (GO:0090103),0.020857331972130334,0.11715607746047678,0,0,72.98529411764706,282.456718466405,POU3F4
GO_Biological_Process_2023,Heme Catabolic Process (GO:0042167),0.020857331972130334,0.11715607746047678,0,0,72.98529411764706,282.456718466405,ABCC2
GO_Biological_Process_2023,Cell-Cell Adhesion Via Plasma-Membrane Adhesion Molecules (GO:0098742),0.017169726755320858,0.11715607746047678,0,0,11.084175084175085,45.052821381014994,CDH12;CDH9
GO_Biological_Process_2023,Regulation Of Systemic Arterial Blood Pressure By Hormone (GO:0001990),0.020857331972130334,0.11715607746047678,0,0,72.98529411764706,282.456718466405,EDN3
GO_Biological_Process_2023,Regulation Of Toll-Like Receptor 3 Signaling Pathway (GO:0034139),0.020857331972130334,0.11715607746047678,0,0,72.98529411764706,282.456718466405,TRIM3
GO_Biological_Process_2023,Porphyrin-Containing Compound Catabolic Process (GO:0006787),0.020857331972130334,0.11715607746047678,0,0,72.98529411764706,282.456718466405,ABCC2
GO_Biological_Process_2023,Regulation Of Hippo Signaling (GO:0035330),0.020857331972130334,0.11715607746047678,0,0,72.98529411764706,282.456718466405,FRMD1
GO_Biological_Process_2023,Cellular Response To pH (GO:0071467),0.020857331972130334,0.11715607746047678,0,0,72.98529411764706,282.456718466405,SLC9A1
GO_Biological_Process_2023,Vasoconstriction (GO:0042310),0.020857331972130334,0.11715607746047678,0,0,72.98529411764706,282.456718466405,EDN3
GO_Biological_Process_2023,Body Fluid Secretion (GO:0007589),0.020857331972130334,0.11715607746047678,0,0,72.98529411764706,282.456718466405,FOXB1
GO_Biological_Process_2023,Protein Complex Oligomerization (GO:0051259),0.02194314306264544,0.11822428099057951,0,0,9.64613880742913,36.84150351506268,C9;SLC9A1
GO_Biological_Process_2023,Positive Regulation Of MAP Kinase Activity (GO:0043406),0.02194314306264544,0.11822428099057951,0,0,9.64613880742913,36.84150351506268,EDN3;MAP2K7
GO_Biological_Process_2023,Positive Regulation Of Calcineurin-Mediated Signaling (GO:0106058),0.02771542000331075,0.11994870296514817,0,0,48.64705882352941,174.436986159756,SLC9A1
GO_Biological_Process_2023,Associative Learning (GO:0008306),0.02771542000331075,0.11994870296514817,0,0,48.64705882352941,174.436986159756,FOXB1
GO_Biological_Process_2023,Cellular Modified Amino Acid Catabolic Process (GO:0042219),0.02771542000331075,0.11994870296514817,0,0,48.64705882352941,174.436986159756,SARDH
GO_Biological_Process_2023,Inositol Phosphate-Mediated Signaling (GO:0048016),0.02771542000331075,0.11994870296514817,0,0,48.64705882352941,174.436986159756,EDN3
GO_Biological_Process_2023,Regulation Of Actomyosin Structure Organization (GO:0110020),0.02771542000331075,0.11994870296514817,0,0,48.64705882352941,174.436986159756,SLC9A1
GO_Biological_Process_2023,Positive Regulation Of calcineurin-NFAT Signaling Cascade (GO:0070886),0.02771542000331075,0.11994870296514817,0,0,48.64705882352941,174.436986159756,SLC9A1
GO_Biological_Process_2023,C-terminal Protein Amino Acid Modification (GO:0018410),0.02771542000331075,0.11994870296514817,0,0,48.64705882352941,174.436986159756,AGBL5
GO_Biological_Process_2023,Positive Regulation Of Hormone Secretion (GO:0046887),0.02771542000331075,0.11994870296514817,0,0,48.64705882352941,174.436986159756,EDN3
GO_Biological_Process_2023,Positive Regulation Of Immune System Process (GO:0002684),0.02771542000331075,0.11994870296514817,0,0,48.64705882352941,174.436986159756,C9
GO_Biological_Process_2023,Mammary Gland Development (GO:0030879),0.02771542000331075,0.11994870296514817,0,0,48.64705882352941,174.436986159756,FOXB1
GO_Biological_Process_2023,Icosanoid Transport (GO:0071715),0.02771542000331075,0.11994870296514817,0,0,48.64705882352941,174.436986159756,ABCC2
GO_Biological_Process_2023,Glycosphingolipid Biosynthetic Process (GO:0006688),0.02771542000331075,0.11994870296514817,0,0,48.64705882352941,174.436986159756,ST8SIA5
GO_Biological_Process_2023,Positive Regulation Of Heart Contraction (GO:0045823),0.03452683938360594,0.12153447463029292,0,0,36.47794117647059,122.7854177011915,EDN3
GO_Biological_Process_2023,Regulation Of Cardiac Muscle Contraction By Calcium Ion Signaling (GO:0010882),0.03452683938360594,0.12153447463029292,0,0,36.47794117647059,122.7854177011915,SLC9A1
GO_Biological_Process_2023,Sodium Ion Export Across Plasma Membrane (GO:0036376),0.03452683938360594,0.12153447463029292,0,0,36.47794117647059,122.7854177011915,SLC9A1
GO_Biological_Process_2023,Regulation Of Postsynaptic Membrane Potential (GO:0060078),0.03452683938360594,0.12153447463029292,0,0,36.47794117647059,122.7854177011915,GABRG3
GO_Biological_Process_2023,Regulation Of Hormone Secretion (GO:0046883),0.03452683938360594,0.12153447463029292,0,0,36.47794117647059,122.7854177011915,EDN3
GO_Biological_Process_2023,Response To Acidic pH (GO:0010447),0.03452683938360594,0.12153447463029292,0,0,36.47794117647059,122.7854177011915,SLC9A1
GO_Biological_Process_2023,Intracellular Sodium Ion Homeostasis (GO:0006883),0.03452683938360594,0.12153447463029292,0,0,36.47794117647059,122.7854177011915,SLC9A1
GO_Biological_Process_2023,Stress-Activated Protein Kinase Signaling Cascade (GO:0031098),0.03452683938360594,0.12153447463029292,0,0,36.47794117647059,122.7854177011915,MAP2K7
GO_Biological_Process_2023,Establishment Of Protein Localization To Vacuole (GO:0072666),0.03452683938360594,0.12153447463029292,0,0,36.47794117647059,122.7854177011915,CACNG2
GO_Biological_Process_2023,Peptide Hormone Secretion (GO:0030072),0.03452683938360594,0.12153447463029292,0,0,36.47794117647059,122.7854177011915,EDN3
GO_Biological_Process_2023,Fibroblast Growth Factor Receptor Signaling Pathway (GO:0008543),0.03452683938360594,0.12153447463029292,0,0,36.47794117647059,122.7854177011915,FGF6
GO_Biological_Process_2023,Transepithelial Transport (GO:0070633),0.03452683938360594,0.12153447463029292,0,0,36.47794117647059,122.7854177011915,ABCC2
GO_Biological_Process_2023,Regulation Of Cardiac Muscle Contraction (GO:0055117),0.03452683938360594,0.12153447463029292,0,0,36.47794117647059,122.7854177011915,SLC9A1
GO_Biological_Process_2023,Regulation Of Neurotransmitter Receptor Activity (GO:0099601),0.03452683938360594,0.12153447463029292,0,0,36.47794117647059,122.7854177011915,CACNG2
Reactome_2022,Choline Catabolism R-HSA-6798163,0.013952267027662054,0.12205401672579974,0,0,146.0,623.728537854309,SARDH
Reactome_2022,FGFR2c Ligand Binding And Activation R-HSA-190375,0.013952267027662054,0.12205401672579974,0,0,146.0,623.728537854309,FGF6
Reactome_2022,Signaling By Activated Point Mutants Of FGFR1 R-HSA-1839122,0.013952267027662054,0.12205401672579974,0,0,146.0,623.728537854309,FGF6
Reactome_2022,FRS-mediated FGFR4 Signaling R-HSA-5654712,0.020857331972130334,0.12205401672579974,0,0,72.98529411764706,282.456718466405,FGF6
Reactome_2022,MET Activates PTK2 Signaling R-HSA-8874081,0.020857331972130334,0.12205401672579974,0,0,72.98529411764706,282.456718466405,LAMA5
Reactome_2022,FGFR1c Ligand Binding And Activation R-HSA-190373,0.013952267027662054,0.12205401672579974,0,0,146.0,623.728537854309,FGF6
Reactome_2022,Activated Point Mutants Of FGFR2 R-HSA-2033519,0.020857331972130334,0.12205401672579974,0,0,72.98529411764706,282.456718466405,FGF6
Reactome_2022,Hyaluronan Uptake And Degradation R-HSA-2160916,0.020857331972130334,0.12205401672579974,0,0,72.98529411764706,282.456718466405,SLC9A1
Reactome_2022,FGFR4 Ligand Binding And Activation R-HSA-190322,0.013952267027662054,0.12205401672579974,0,0,146.0,623.728537854309,FGF6
Reactome_2022,Phospholipase C-mediated Cascade; FGFR4 R-HSA-5654228,0.013952267027662054,0.12205401672579974,0,0,146.0,623.728537854309,FGF6
Reactome_2022,Phospholipase C-mediated Cascade: FGFR1 R-HSA-5654219,0.020857331972130334,0.12205401672579974,0,0,72.98529411764706,282.456718466405,FGF6
Reactome_2022,NrCAM Interactions R-HSA-447038,0.013952267027662054,0.12205401672579974,0,0,146.0,623.728537854309,NRP2
Reactome_2022,FGFR2 Ligand Binding And Activation R-HSA-190241,0.020857331972130334,0.12205401672579974,0,0,72.98529411764706,282.456718466405,FGF6
Reactome_2022,FGFR1 Ligand Binding And Activation R-HSA-190242,0.020857331972130334,0.12205401672579974,0,0,72.98529411764706,282.456718466405,FGF6
Reactome_2022,Negative Regulation Of TCF-dependent Signaling By WNT Ligand Antagonists R-HSA-3772470,0.020857331972130334,0.12205401672579974,0,0,72.98529411764706,282.456718466405,KREMEN2
Reactome_2022,Cell-Cell Communication R-HSA-1500931,0.02070324762562909,0.12205401672579974,0,0,9.969696969696969,38.65714807856774,CDH12;CDH9
Reactome_2022,Signaling By Receptor Tyrosine Kinases R-HSA-9006934,0.01688123240489436,0.12205401672579974,0,0,4.479925736829891,18.285053357495713,FGF6;LAMA5;NRP2;GABRG3
Reactome_2022,Atorvastatin ADME R-HSA-9754706,0.006999917822024454,0.12205401672579974,0,0,inf,inf,ABCC2
Reactome_2022,Signaling By LRP5 Mutants R-HSA-5339717,0.006999917822024454,0.12205401672579974,0,0,inf,inf,KREMEN2
Reactome_2022,Transport Of Inorganic Cations/Anions And Amino Acids/Oligopeptides R-HSA-425393,0.013925427838403856,0.12205401672579974,0,0,12.477272727272727,53.32834736973825,SLC4A3;SLC9A1
Reactome_2022,Cell Junction Organization R-HSA-446728,0.007554764005762592,0.12205401672579974,0,0,17.63992869875223,86.18122853118709,CDH12;CDH9
Reactome_2022,Phospholipase C-mediated Cascade; FGFR2 R-HSA-5654221,0.020857331972130334,0.12205401672579974,0,0,72.98529411764706,282.456718466405,FGF6
Reactome_2022,LGI-ADAM Interactions R-HSA-5682910,0.013952267027662054,0.12205401672579974,0,0,146.0,623.728537854309,CACNG2
Reactome_2022,SHC-mediated cascade:FGFR4 R-HSA-5654719,0.020857331972130334,0.12205401672579974,0,0,72.98529411764706,282.456718466405,FGF6
Reactome_2022,Hyaluronan Metabolism R-HSA-2142845,0.020857331972130334,0.12205401672579974,0,0,72.98529411764706,282.456718466405,SLC9A1
GO_Biological_Process_2023,Regulation Of Cell-Substrate Junction Assembly (GO:0090109),0.041291897344947655,0.1224838303265863,0,0,29.176470588235293,92.98800813383153,SLC9A1
GO_Biological_Process_2023,Positive Regulation Of Telomere Capping (GO:1904355),0.041291897344947655,0.1224838303265863,0,0,29.176470588235293,92.98800813383153,MAP2K7
GO_Biological_Process_2023,Regulation Of Leukocyte Chemotaxis (GO:0002688),0.041291897344947655,0.1224838303265863,0,0,29.176470588235293,92.98800813383153,EDN3
GO_Biological_Process_2023,Positive Regulation Of Oxidoreductase Activity (GO:0051353),0.041291897344947655,0.1224838303265863,0,0,29.176470588235293,92.98800813383153,EDN3
GO_Biological_Process_2023,Glycosphingolipid Metabolic Process (GO:0006687),0.041291897344947655,0.1224838303265863,0,0,29.176470588235293,92.98800813383153,ST8SIA5
GO_Biological_Process_2023,Positive Regulation Of Muscle Hypertrophy (GO:0014742),0.041291897344947655,0.1224838303265863,0,0,29.176470588235293,92.98800813383153,SLC9A1
GO_Biological_Process_2023,Determination Of Left/Right Symmetry (GO:0007368),0.041291897344947655,0.1224838303265863,0,0,29.176470588235293,92.98800813383153,LEFTY1
GO_Biological_Process_2023,Bile Acid And Bile Salt Transport (GO:0015721),0.041291897344947655,0.1224838303265863,0,0,29.176470588235293,92.98800813383153,ABCC2
GO_Biological_Process_2023,Regulation Of Blood Circulation (GO:1903522),0.041291897344947655,0.1224838303265863,0,0,29.176470588235293,92.98800813383153,HSPB7
GO_Biological_Process_2023,Inner Ear Morphogenesis (GO:0042472),0.041291897344947655,0.1224838303265863,0,0,29.176470588235293,92.98800813383153,POU3F4
GO_Biological_Process_2023,Positive Regulation Of Heart Rate (GO:0010460),0.041291897344947655,0.1224838303265863,0,0,29.176470588235293,92.98800813383153,EDN3
GO_Biological_Process_2023,Positive Regulation Of Sodium Ion Transmembrane Transporter Activity (GO:2000651),0.041291897344947655,0.1224838303265863,0,0,29.176470588235293,92.98800813383153,SLC9A1
GO_Biological_Process_2023,Positive Regulation Of Cardiac Muscle Hypertrophy (GO:0010613),0.041291897344947655,0.1224838303265863,0,0,29.176470588235293,92.98800813383153,SLC9A1
GO_Biological_Process_2023,Sodium Ion Import Across Plasma Membrane (GO:0098719),0.041291897344947655,0.1224838303265863,0,0,29.176470588235293,92.98800813383153,SLC9A1
GO_Biological_Process_2023,Regulation Of Cardiac Muscle Hypertrophy (GO:0010611),0.0480108995738348,0.1306688400772411,0,0,24.308823529411764,73.8095425538677,SLC9A1
GO_Biological_Process_2023,Cardiac Muscle Cell Action Potential (GO:0086001),0.0480108995738348,0.1306688400772411,0,0,24.308823529411764,73.8095425538677,SLC4A3
GO_Biological_Process_2023,Positive Regulation Of Nuclear Division (GO:0051785),0.0480108995738348,0.1306688400772411,0,0,24.308823529411764,73.8095425538677,EDN3
GO_Biological_Process_2023,Alpha-Amino Acid Catabolic Process (GO:1901606),0.0480108995738348,0.1306688400772411,0,0,24.308823529411764,73.8095425538677,SARDH
GO_Biological_Process_2023,Positive Regulation Of Calcium Ion Transmembrane Transporter Activity (GO:1901021),0.0480108995738348,0.1306688400772411,0,0,24.308823529411764,73.8095425538677,SLC9A1
GO_Biological_Process_2023,Regulation Of Actin Filament Bundle Assembly (GO:0032231),0.0480108995738348,0.1306688400772411,0,0,24.308823529411764,73.8095425538677,SLC9A1
GO_Biological_Process_2023,Response To Muscle Stretch (GO:0035994),0.0480108995738348,0.1306688400772411,0,0,24.308823529411764,73.8095425538677,SLC9A1
GO_Biological_Process_2023,Positive Regulation Of Cell Communication (GO:0010647),0.0480108995738348,0.1306688400772411,0,0,24.308823529411764,73.8095425538677,EDN3
Reactome_2022,FRS-mediated FGFR1 Signaling R-HSA-5654693,0.02771542000331075,0.132698071531003,0,0,48.64705882352941,174.436986159756,FGF6
Reactome_2022,Bicarbonate Transporters R-HSA-425381,0.02771542000331075,0.132698071531003,0,0,48.64705882352941,174.436986159756,SLC4A3
Reactome_2022,SHC-mediated cascade:FGFR2 R-HSA-5654699,0.02771542000331075,0.132698071531003,0,0,48.64705882352941,174.436986159756,FGF6
Reactome_2022,Presynaptic Depolarization And Calcium Channel Opening R-HSA-112308,0.02771542000331075,0.132698071531003,0,0,48.64705882352941,174.436986159756,CACNG2
Reactome_2022,SHC-mediated cascade:FGFR1 R-HSA-5654688,0.02771542000331075,0.132698071531003,0,0,48.64705882352941,174.436986159756,FGF6
Reactome_2022,FRS-mediated FGFR2 Signaling R-HSA-5654700,0.02771542000331075,0.132698071531003,0,0,48.64705882352941,174.436986159756,FGF6
Reactome_2022,JNK (c-Jun Kinases) Phosphorylation And Activation Mediated By Activated Human TAK1 R-HSA-450321,0.03452683938360594,0.13314530164289243,0,0,36.47794117647059,122.7854177011915,MAP2K7
Reactome_2022,Negative Regulation Of FGFR4 Signaling R-HSA-5654733,0.041291897344947655,0.13314530164289243,0,0,29.176470588235293,92.98800813383153,FGF6
Reactome_2022,PI-3K cascade:FGFR4 R-HSA-5654720,0.03452683938360594,0.13314530164289243,0,0,36.47794117647059,122.7854177011915,FGF6
Reactome_2022,Heme Degradation R-HSA-189483,0.03452683938360594,0.13314530164289243,0,0,36.47794117647059,122.7854177011915,ABCC2
Reactome_2022,Laminin Interactions R-HSA-3000157,0.041291897344947655,0.13314530164289243,0,0,29.176470588235293,92.98800813383153,LAMA5
Reactome_2022,PI-3K cascade:FGFR2 R-HSA-5654695,0.041291897344947655,0.13314530164289243,0,0,29.176470588235293,92.98800813383153,FGF6
Reactome_2022,Uptake And Function Of Anthrax Toxins R-HSA-5210891,0.041291897344947655,0.13314530164289243,0,0,29.176470588235293,92.98800813383153,MAP2K7
Reactome_2022,Downstream Signaling Of Activated FGFR2 R-HSA-5654696,0.041291897344947655,0.13314530164289243,0,0,29.176470588235293,92.98800813383153,FGF6
Reactome_2022,Downstream Signaling Of Activated FGFR1 R-HSA-5654687,0.041291897344947655,0.13314530164289243,0,0,29.176470588235293,92.98800813383153,FGF6
Reactome_2022,Aspirin ADME R-HSA-9749641,0.041291897344947655,0.13314530164289243,0,0,29.176470588235293,92.98800813383153,ABCC2
Reactome_2022,Neurotransmitter Receptors And Postsynaptic Signal Transmission R-HSA-112314,0.03000191830075973,0.13314530164289243,0,0,8.072072072072071,28.304671933162428,CACNG2;GABRG3
Reactome_2022,Sodium/Proton Exchangers R-HSA-425986,0.03452683938360594,0.13314530164289243,0,0,36.47794117647059,122.7854177011915,SLC9A1
Reactome_2022,Downstream Signaling Of Activated FGFR4 R-HSA-5654716,0.03452683938360594,0.13314530164289243,0,0,36.47794117647059,122.7854177011915,FGF6
Reactome_2022,PI-3K cascade:FGFR1 R-HSA-5654689,0.041291897344947655,0.13314530164289243,0,0,29.176470588235293,92.98800813383153,FGF6
Reactome_2022,"Glutamate Binding, Activation Of AMPA Receptors And Synaptic Plasticity R-HSA-399721",0.041291897344947655,0.13314530164289243,0,0,29.176470588235293,92.98800813383153,CACNG2
Reactome_2022,MET Promotes Cell Motility R-HSA-8875878,0.041291897344947655,0.13314530164289243,0,0,29.176470588235293,92.98800813383153,LAMA5
Reactome_2022,Transport Of Small Molecules R-HSA-382551,0.04428901764405949,0.139953295755228,0,0,3.260624679979519,10.16342758396913,CYB5R1;ABCC2;SLC4A3;SLC9A1
Reactome_2022,Carboxyterminal Post-Translational Modifications Of Tubulin R-HSA-8955332,0.0480108995738348,0.14047633579010924,0,0,24.308823529411764,73.8095425538677,AGBL5
Reactome_2022,Erythrocytes Take Up Carbon Dioxide And Release Oxygen R-HSA-1237044,0.0480108995738348,0.14047633579010924,0,0,24.308823529411764,73.8095425538677,CYB5R1
Reactome_2022,Negative Regulation Of FGFR2 Signaling R-HSA-5654727,0.0480108995738348,0.14047633579010924,0,0,24.308823529411764,73.8095425538677,FGF6
Reactome_2022,Negative Regulation Of FGFR1 Signaling R-HSA-5654726,0.0480108995738348,0.14047633579010924,0,0,24.308823529411764,73.8095425538677,FGF6
GO_Biological_Process_2023,Negative Regulation Of Ossification (GO:0030279),0.05468415002632513,0.14153544712695917,0,0,20.831932773109244,60.54137499717386,KREMEN2
GO_Biological_Process_2023,Regulation Of Telomere Capping (GO:1904353),0.05468415002632513,0.14153544712695917,0,0,20.831932773109244,60.54137499717386,MAP2K7
GO_Biological_Process_2023,N-glycan Processing (GO:0006491),0.05468415002632513,0.14153544712695917,0,0,20.831932773109244,60.54137499717386,ST8SIA5
GO_Biological_Process_2023,Intracellular Monoatomic Cation Homeostasis (GO:0030003),0.054295832502075037,0.14153544712695917,0,0,5.726107226107226,16.681912871159167,EDN3;SLC9A1
GO_Biological_Process_2023,Sodium Ion Homeostasis (GO:0055078),0.05468415002632513,0.14153544712695917,0,0,20.831932773109244,60.54137499717386,SLC9A1
GO_Biological_Process_2023,Chloride Transmembrane Transport (GO:1902476),0.06131195084714353,0.14714868203314446,0,0,18.22426470588235,50.87814680207062,GABRG3
GO_Biological_Process_2023,Fc-epsilon Receptor Signaling Pathway (GO:0038095),0.06131195084714353,0.14714868203314446,0,0,18.22426470588235,50.87814680207062,MAP2K7
GO_Biological_Process_2023,Action Potential (GO:0001508),0.06131195084714353,0.14714868203314446,0,0,18.22426470588235,50.87814680207062,SLC4A3
GO_Biological_Process_2023,Xenobiotic Transport (GO:0042908),0.06131195084714353,0.14714868203314446,0,0,18.22426470588235,50.87814680207062,ABCC2
GO_Biological_Process_2023,Regulation Of Regulated Secretory Pathway (GO:1903305),0.06131195084714353,0.14714868203314446,0,0,18.22426470588235,50.87814680207062,RAB15
GO_Biological_Process_2023,Oligosaccharide Metabolic Process (GO:0009311),0.06131195084714353,0.14714868203314446,0,0,18.22426470588235,50.87814680207062,ST8SIA5
GO_Biological_Process_2023,Positive Regulation Of Signaling (GO:0023056),0.06131195084714353,0.14714868203314446,0,0,18.22426470588235,50.87814680207062,EDN3
GO_Biological_Process_2023,Regulation Of calcineurin-NFAT Signaling Cascade (GO:0070884),0.06131195084714353,0.14714868203314446,0,0,18.22426470588235,50.87814680207062,SLC9A1
GO_Biological_Process_2023,Regulation Of Ossification (GO:0030278),0.06789460231946233,0.15062331943141224,0,0,16.19607843137255,43.564191392243096,KREMEN2
GO_Biological_Process_2023,SMAD Protein Signal Transduction (GO:0060395),0.06789460231946233,0.15062331943141224,0,0,16.19607843137255,43.564191392243096,LEFTY1
GO_Biological_Process_2023,Positive Regulation Of Mitotic Nuclear Division (GO:0045840),0.06789460231946233,0.15062331943141224,0,0,16.19607843137255,43.564191392243096,EDN3
GO_Biological_Process_2023,Positive Regulation Of Leukocyte Migration (GO:0002687),0.06789460231946233,0.15062331943141224,0,0,16.19607843137255,43.564191392243096,EDN3
GO_Biological_Process_2023,Substrate Adhesion-Dependent Cell Spreading (GO:0034446),0.06789460231946233,0.15062331943141224,0,0,16.19607843137255,43.564191392243096,LAMA5
GO_Biological_Process_2023,BMP Signaling Pathway (GO:0030509),0.06789460231946233,0.15062331943141224,0,0,16.19607843137255,43.564191392243096,LEFTY1
GO_Biological_Process_2023,Positive Regulation Of JUN Kinase Activity (GO:0043507),0.06789460231946233,0.15062331943141224,0,0,16.19607843137255,43.564191392243096,MAP2K7
GO_Biological_Process_2023,Monoatomic Anion Transmembrane Transport (GO:0098656),0.06789460231946233,0.15062331943141224,0,0,16.19607843137255,43.564191392243096,GABRG3
GO_Biological_Process_2023,Sphingolipid Biosynthetic Process (GO:0030148),0.06789460231946233,0.15062331943141224,0,0,16.19607843137255,43.564191392243096,ST8SIA5
Reactome_2022,Signaling By WNT In Cancer R-HSA-4791275,0.05468415002632513,0.1515806263887609,0,0,20.831932773109244,60.54137499717386,KREMEN2
Reactome_2022,Signaling By FGFR4 R-HSA-5654743,0.05468415002632513,0.1515806263887609,0,0,20.831932773109244,60.54137499717386,FGF6
Reactome_2022,Non-integrin membrane-ECM Interactions R-HSA-3000171,0.05468415002632513,0.1515806263887609,0,0,20.831932773109244,60.54137499717386,LAMA5
Reactome_2022,Transmission Across Chemical Synapses R-HSA-112315,0.057929722464631954,0.1578085543002043,0,0,5.511784511784512,15.700454238894501,CACNG2;GABRG3
GO_Biological_Process_2023,Positive Regulation Of Pathway-Restricted SMAD Protein Phosphorylation (GO:0010862),0.0744324028550969,0.1584689867237547,0,0,14.573529411764707,37.86004609591273,LEFTY1
GO_Biological_Process_2023,Heart Morphogenesis (GO:0003007),0.0744324028550969,0.1584689867237547,0,0,14.573529411764707,37.86004609591273,LEFTY1
GO_Biological_Process_2023,Glycolipid Biosynthetic Process (GO:0009247),0.0744324028550969,0.1584689867237547,0,0,14.573529411764707,37.86004609591273,ST8SIA5
GO_Biological_Process_2023,"Regulation Of Synaptic Transmission, Glutamatergic (GO:0051966)",0.0744324028550969,0.1584689867237547,0,0,14.573529411764707,37.86004609591273,CACNG2
GO_Biological_Process_2023,Organic Hydroxy Compound Transport (GO:0015850),0.0744324028550969,0.1584689867237547,0,0,14.573529411764707,37.86004609591273,ABCC2
Reactome_2022,FCERI Mediated MAPK Activation R-HSA-2871796,0.06131195084714353,0.1588080038335849,0,0,18.22426470588235,50.87814680207062,MAP2K7
Reactome_2022,Signaling By FGFR1 R-HSA-5654736,0.06131195084714353,0.1588080038335849,0,0,18.22426470588235,50.87814680207062,FGF6
Reactome_2022,Sialic Acid Metabolism R-HSA-4085001,0.06131195084714353,0.1588080038335849,0,0,18.22426470588235,50.87814680207062,ST8SIA5
GO_Biological_Process_2023,Protein Localization To Lysosome (GO:0061462),0.08092564899310363,0.16185129798620726,0,0,13.245989304812834,33.30339030064528,CACNG2
GO_Biological_Process_2023,Inorganic Anion Transmembrane Transport (GO:0098661),0.08092564899310363,0.16185129798620726,0,0,13.245989304812834,33.30339030064528,GABRG3
GO_Biological_Process_2023,Fc Receptor Signaling Pathway (GO:0038093),0.08092564899310363,0.16185129798620726,0,0,13.245989304812834,33.30339030064528,MAP2K7
GO_Biological_Process_2023,Positive Regulation Of Chemotaxis (GO:0050921),0.08092564899310363,0.16185129798620726,0,0,13.245989304812834,33.30339030064528,EDN3
GO_Biological_Process_2023,Positive Regulation Of Synaptic Transmission (GO:0050806),0.08092564899310363,0.16185129798620726,0,0,13.245989304812834,33.30339030064528,CACNG2
GO_Biological_Process_2023,Cellular Response To BMP Stimulus (GO:0071773),0.08092564899310363,0.16185129798620726,0,0,13.245989304812834,33.30339030064528,LEFTY1
GO_Biological_Process_2023,Skeletal System Morphogenesis (GO:0048705),0.08092564899310363,0.16185129798620726,0,0,13.245989304812834,33.30339030064528,LAMA5
GO_Biological_Process_2023,Amino Acid Catabolic Process (GO:0009063),0.08092564899310363,0.16185129798620726,0,0,13.245989304812834,33.30339030064528,SARDH
GO_Biological_Process_2023,JNK Cascade (GO:0007254),0.08737463540367099,0.1659489478170442,0,0,12.139705882352942,29.59114312318337,MAP2K7
GO_Biological_Process_2023,Positive Regulation Of Telomere Maintenance Via Telomerase (GO:0032212),0.08737463540367099,0.1659489478170442,0,0,12.139705882352942,29.59114312318337,MAP2K7
GO_Biological_Process_2023,Cellular Response To Ketone (GO:1901655),0.08737463540367099,0.1659489478170442,0,0,12.139705882352942,29.59114312318337,POSTN
GO_Biological_Process_2023,Blood Vessel Diameter Maintenance (GO:0097746),0.08737463540367099,0.1659489478170442,0,0,12.139705882352942,29.59114312318337,EDN3
GO_Biological_Process_2023,Response To Light Stimulus (GO:0009416),0.08737463540367099,0.1659489478170442,0,0,12.139705882352942,29.59114312318337,MAP2K7
GO_Biological_Process_2023,Regulation Of Focal Adhesion Assembly (GO:0051893),0.08737463540367099,0.1659489478170442,0,0,12.139705882352942,29.59114312318337,SLC9A1
GO_Biological_Process_2023,Cellular Response To Fibroblast Growth Factor Stimulus (GO:0044344),0.08737463540367099,0.1659489478170442,0,0,12.139705882352942,29.59114312318337,FGF6
GO_Biological_Process_2023,Positive Regulation Of Exocytosis (GO:0045921),0.0937796548705842,0.16957417045091938,0,0,11.203619909502262,26.516809898338785,RAB15
GO_Biological_Process_2023,Positive Regulation Of Telomerase Activity (GO:0051973),0.0937796548705842,0.16957417045091938,0,0,11.203619909502262,26.516809898338785,MAP2K7
GO_Biological_Process_2023,Positive Regulation Of Telomere Maintenance Via Telomere Lengthening (GO:1904358),0.0937796548705842,0.16957417045091938,0,0,11.203619909502262,26.516809898338785,MAP2K7
GO_Biological_Process_2023,Response To Unfolded Protein (GO:0006986),0.0937796548705842,0.16957417045091938,0,0,11.203619909502262,26.516809898338785,HSPB7
GO_Biological_Process_2023,Regulation Of JUN Kinase Activity (GO:0043506),0.0937796548705842,0.16957417045091938,0,0,11.203619909502262,26.516809898338785,MAP2K7
GO_Biological_Process_2023,Regulation Of Pathway-Restricted SMAD Protein Phosphorylation (GO:0060393),0.0937796548705842,0.16957417045091938,0,0,11.203619909502262,26.516809898338785,LEFTY1
GO_Biological_Process_2023,Regulation Of Mitotic Nuclear Division (GO:0007088),0.0937796548705842,0.16957417045091938,0,0,11.203619909502262,26.516809898338785,EDN3
Reactome_2022,Metabolism Of Porphyrins R-HSA-189445,0.06789460231946233,0.1702753518488103,0,0,16.19607843137255,43.564191392243096,ABCC2
Reactome_2022,Paracetamol ADME R-HSA-9753281,0.06789460231946233,0.1702753518488103,0,0,16.19607843137255,43.564191392243096,ABCC2
GO_Biological_Process_2023,Sensory Perception Of Mechanical Stimulus (GO:0050954),0.1001409983353556,0.17743103060760992,0,0,10.40126050420168,23.935132110576067,POU3F4
GO_Biological_Process_2023,Endosome To Lysosome Transport (GO:0008333),0.1001409983353556,0.17743103060760992,0,0,10.40126050420168,23.935132110576067,CACNG2
GO_Biological_Process_2023,Glycoprotein Metabolic Process (GO:0009100),0.1001409983353556,0.17743103060760992,0,0,10.40126050420168,23.935132110576067,ST8SIA5
Reactome_2022,SLC-mediated Transmembrane Transport R-HSA-425407,0.07729101728612053,0.17758684084597742,0,0,4.641098484848484,11.882036083332356,SLC4A3;SLC9A1
Reactome_2022,PI3K Cascade R-HSA-109704,0.08092564899310363,0.17758684084597742,0,0,13.245989304812834,33.30339030064528,FGF6
Reactome_2022,FGFR2 Mutant Receptor Activation R-HSA-1839126,0.0744324028550969,0.17758684084597742,0,0,14.573529411764707,37.86004609591273,FGF6
Reactome_2022,IRS-mediated Signaling R-HSA-112399,0.08092564899310363,0.17758684084597742,0,0,13.245989304812834,33.30339030064528,FGF6
Reactome_2022,FGFR1 Mutant Receptor Activation R-HSA-1839124,0.08092564899310363,0.17758684084597742,0,0,13.245989304812834,33.30339030064528,FGF6
Reactome_2022,Uptake And Actions Of Bacterial Toxins R-HSA-5339562,0.08092564899310363,0.17758684084597742,0,0,13.245989304812834,33.30339030064528,MAP2K7
Reactome_2022,Signaling By FGFR1 In Disease R-HSA-5655302,0.08092564899310363,0.17758684084597742,0,0,13.245989304812834,33.30339030064528,FGF6
Reactome_2022,IRS-related Events Triggered By IGF1R R-HSA-2428928,0.08092564899310363,0.17758684084597742,0,0,13.245989304812834,33.30339030064528,FGF6
Reactome_2022,IGF1R Signaling Cascade R-HSA-2428924,0.08092564899310363,0.17758684084597742,0,0,13.245989304812834,33.30339030064528,FGF6
GO_Biological_Process_2023,Chloride Transport (GO:0006821),0.10645895486667123,0.18490239529474478,0,0,9.705882352941176,21.74113539948115,GABRG3
GO_Biological_Process_2023,Protein K63-linked Ubiquitination (GO:0070534),0.10645895486667123,0.18490239529474478,0,0,9.705882352941176,21.74113539948115,TRIM3
GO_Biological_Process_2023,Proton Transmembrane Transport (GO:1902600),0.10645895486667123,0.18490239529474478,0,0,9.705882352941176,21.74113539948115,SLC9A1
GO_Biological_Process_2023,Positive Regulation Of MAPK Cascade (GO:0043410),0.10724702072242066,0.18505368281515724,0,0,3.797202797202797,8.477712809104023,EDN3;MAP2K7
Reactome_2022,Signaling By Type 1 Insulin-like Growth Factor 1 Receptor (IGF1R) R-HSA-2404192,0.08737463540367099,0.189112224572329,0,0,12.139705882352942,29.59114312318337,FGF6
GO_Biological_Process_2023,Sensory Perception Of Sound (GO:0007605),0.11273381168669967,0.1920111373244433,0,0,9.097426470588236,19.857188271216625,POU3F4
GO_Biological_Process_2023,Stress-Activated MAPK Cascade (GO:0051403),0.11273381168669967,0.1920111373244433,0,0,9.097426470588236,19.857188271216625,MAP2K7
Reactome_2022,Insulin Receptor Signaling Cascade R-HSA-74751,0.0937796548705842,0.1949629667046356,0,0,11.203619909502262,26.516809898338785,FGF6
Reactome_2022,ECM Proteoglycans R-HSA-3000178,0.0937796548705842,0.1949629667046356,0,0,11.203619909502262,26.516809898338785,LAMA5
Reactome_2022,Signaling By FGFR2 In Disease R-HSA-5655253,0.0937796548705842,0.1949629667046356,0,0,11.203619909502262,26.516809898338785,FGF6
GO_Biological_Process_2023,Positive Regulation Of Pattern Recognition Receptor Signaling Pathway (GO:0062208),0.11896585418582045,0.19629365940660373,0,0,8.560553633217992,18.22472328276245,TRIM3
GO_Biological_Process_2023,Regulation Of Cell-Matrix Adhesion (GO:0001952),0.11896585418582045,0.19629365940660373,0,0,8.560553633217992,18.22472328276245,SLC9A1
GO_Biological_Process_2023,Regulation Of Monoatomic Ion Transmembrane Transporter Activity (GO:0032412),0.11896585418582045,0.19629365940660373,0,0,8.560553633217992,18.22472328276245,CACNG2
GO_Biological_Process_2023,Regulation Of Telomere Maintenance Via Telomerase (GO:0032210),0.11896585418582045,0.19629365940660373,0,0,8.560553633217992,18.22472328276245,MAP2K7
GO_Biological_Process_2023,Positive Regulation Of Telomere Maintenance (GO:0032206),0.11896585418582045,0.19629365940660373,0,0,8.560553633217992,18.22472328276245,MAP2K7
GO_Biological_Process_2023,Extracellular Structure Organization (GO:0043062),0.1251553659333402,0.2014696134536696,0,0,8.083333333333334,16.79877837023134,POSTN
GO_Biological_Process_2023,External Encapsulating Structure Organization (GO:0045229),0.1251553659333402,0.2014696134536696,0,0,8.083333333333334,16.79877837023134,POSTN
GO_Biological_Process_2023,Regulation Of Telomerase Activity (GO:0051972),0.1251553659333402,0.2014696134536696,0,0,8.083333333333334,16.79877837023134,MAP2K7
GO_Biological_Process_2023,Blood Circulation (GO:0008015),0.1251553659333402,0.2014696134536696,0,0,8.083333333333334,16.79877837023134,EDN3
Reactome_2022,GABA Receptor Activation R-HSA-977443,0.1001409983353556,0.20284971457674594,0,0,10.40126050420168,23.935132110576067,GABRG3
Reactome_2022,Signaling By MET R-HSA-6806834,0.1001409983353556,0.20284971457674594,0,0,10.40126050420168,23.935132110576067,LAMA5
Reactome_2022,Neuronal System R-HSA-112316,0.10724702072242066,0.20919789227336377,0,0,3.797202797202797,8.477712809104023,CACNG2;GABRG3
Reactome_2022,RAB Geranylgeranylation R-HSA-8873719,0.10645895486667123,0.20919789227336377,0,0,9.705882352941176,21.74113539948115,RAB15
Reactome_2022,Signaling By ERBB4 R-HSA-1236394,0.10645895486667123,0.20919789227336377,0,0,9.705882352941176,21.74113539948115,GABRG3
GO_Biological_Process_2023,Negative Regulation Of Neuron Apoptotic Process (GO:0043524),0.13130262866976825,0.2100842058716292,0,0,7.656346749226006,15.544301643831336,FOXB1
Reactome_2022,MAP Kinase Activation R-HSA-450294,0.11273381168669967,0.2146017138132355,0,0,9.097426470588236,19.857188271216625,MAP2K7
Reactome_2022,Oxidative Stress Induced Senescence R-HSA-2559580,0.11273381168669967,0.2146017138132355,0,0,9.097426470588236,19.857188271216625,MAP2K7
GO_Biological_Process_2023,Positive Regulation Of Response To Stimulus (GO:0048584),0.13740792233759572,0.21721970956362438,0,0,7.272058823529412,14.433591384268352,C9
GO_Biological_Process_2023,"Retrograde Transport, Endosome To Golgi (GO:0042147)",0.13740792233759572,0.21721970956362438,0,0,7.272058823529412,14.433591384268352,DENND2A
GO_Biological_Process_2023,Second-Messenger-Mediated Signaling (GO:0019932),0.1434715250690084,0.2228028389306954,0,0,6.92436974789916,13.444485753942114,EDN3
GO_Biological_Process_2023,Transforming Growth Factor Beta Receptor Signaling Pathway (GO:0007179),0.1434715250690084,0.2228028389306954,0,0,6.92436974789916,13.444485753942114,LEFTY1
GO_Biological_Process_2023,Skeletal System Development (GO:0001501),0.1434715250690084,0.2228028389306954,0,0,6.92436974789916,13.444485753942114,LAMA5
Reactome_2022,Interleukin-17 Signaling R-HSA-448424,0.11896585418582045,0.22376910668285274,0,0,8.560553633217992,18.22472328276245,MAP2K7
GO_Biological_Process_2023,Regulation Of Immune Response (GO:0050776),0.1494937132398684,0.2281291346550593,0,0,6.608288770053476,12.559059012292035,C9
GO_Biological_Process_2023,Glycoprotein Biosynthetic Process (GO:0009101),0.1494937132398684,0.2281291346550593,0,0,6.608288770053476,12.559059012292035,ST8SIA5
GO_Biological_Process_2023,Potassium Ion Transport (GO:0006813),0.1494937132398684,0.2281291346550593,0,0,6.608288770053476,12.559059012292035,SLC9A1
Reactome_2022,Constitutive Signaling By Aberrant PI3K In Cancer R-HSA-2219530,0.1251553659333402,0.23264173902903237,0,0,8.083333333333334,16.79877837023134,FGF6
GO_Biological_Process_2023,Sodium Ion Transmembrane Transport (GO:0035725),0.15547476142033528,0.23321214213050293,0,0,6.319693094629156,11.762666962038827,SLC9A1
GO_Biological_Process_2023,Regulation Of Stress Fiber Assembly (GO:0051492),0.15547476142033528,0.23321214213050293,0,0,6.319693094629156,11.762666962038827,SLC9A1
GO_Biological_Process_2023,Integrin-Mediated Signaling Pathway (GO:0007229),0.15547476142033528,0.23321214213050293,0,0,6.319693094629156,11.762666962038827,LAMA5
GO_Biological_Process_2023,Neutrophil Chemotaxis (GO:0030593),0.16141494242787602,0.23330340809388428,0,0,6.055147058823529,11.043237618594762,EDN3
GO_Biological_Process_2023,Positive Regulation Of DNA Biosynthetic Process (GO:2000573),0.16141494242787602,0.23330340809388428,0,0,6.055147058823529,11.043237618594762,MAP2K7
GO_Biological_Process_2023,Positive Regulation Of Leukocyte Chemotaxis (GO:0002690),0.16141494242787602,0.23330340809388428,0,0,6.055147058823529,11.043237618594762,EDN3
GO_Biological_Process_2023,Positive Regulation Of Protein Phosphorylation (GO:0001934),0.1617216806105334,0.23330340809388428,0,0,2.918691869186919,5.317501795787535,FGF6;LEFTY1
GO_Biological_Process_2023,Monocarboxylic Acid Transport (GO:0015718),0.16141494242787602,0.23330340809388428,0,0,6.055147058823529,11.043237618594762,ABCC2
GO_Biological_Process_2023,Positive Regulation Of Secretion By Cell (GO:1903532),0.16141494242787602,0.23330340809388428,0,0,6.055147058823529,11.043237618594762,EDN3
GO_Biological_Process_2023,Inorganic Cation Import Across Plasma Membrane (GO:0098659),0.16141494242787602,0.23330340809388428,0,0,6.055147058823529,11.043237618594762,SLC9A1
Reactome_2022,Signaling By FGFR R-HSA-190236,0.13130262866976825,0.23845764746923429,0,0,7.656346749226006,15.544301643831336,FGF6
Reactome_2022,Signaling By FGFR2 R-HSA-5654738,0.13130262866976825,0.23845764746923429,0,0,7.656346749226006,15.544301643831336,FGF6
GO_Biological_Process_2023,Negative Regulation Of Neuron Death (GO:1901215),0.16731452733125587,0.23876235251595435,0,0,5.811764705882353,10.390736956776802,FOXB1
GO_Biological_Process_2023,Monoatomic Ion Transport (GO:0006811),0.16731452733125587,0.23876235251595435,0,0,5.811764705882353,10.390736956776802,SLC9A1
Reactome_2022,Signaling By FGFR In Disease R-HSA-1226099,0.13740792233759572,0.24122724143711247,0,0,7.272058823529412,14.433591384268352,FGF6
Reactome_2022,Drug ADME R-HSA-9748784,0.13740792233759572,0.24122724143711247,0,0,7.272058823529412,14.433591384268352,ABCC2
Reactome_2022,ABC Transporter Disorders R-HSA-5619084,0.13740792233759572,0.24122724143711247,0,0,7.272058823529412,14.433591384268352,ABCC2
GO_Biological_Process_2023,Granulocyte Chemotaxis (GO:0071621),0.17317378546480816,0.24448063830325859,0,0,5.58710407239819,9.796761542575398,EDN3
GO_Biological_Process_2023,Calcium Ion Homeostasis (GO:0055074),0.17317378546480816,0.24448063830325859,0,0,5.58710407239819,9.796761542575398,EDN3
GO_Biological_Process_2023,Potassium Ion Transmembrane Transport (GO:0071805),0.17899298441336445,0.2448401444825296,0,0,5.379084967320262,9.254224399011227,SLC9A1
GO_Biological_Process_2023,Regulation Of Cell Motility (GO:2000145),0.17899298441336445,0.2448401444825296,0,0,5.379084967320262,9.254224399011227,FGF6
GO_Biological_Process_2023,Calcium-Mediated Signaling (GO:0019722),0.17899298441336445,0.2448401444825296,0,0,5.379084967320262,9.254224399011227,SLC9A1
GO_Biological_Process_2023,Negative Regulation Of Amide Metabolic Process (GO:0034249),0.17899298441336445,0.2448401444825296,0,0,5.379084967320262,9.254224399011227,TRIM3
GO_Biological_Process_2023,Negative Regulation Of Translation (GO:0017148),0.17899298441336445,0.2448401444825296,0,0,5.379084967320262,9.254224399011227,TRIM3
GO_Biological_Process_2023,Neutrophil Migration (GO:1990266),0.17899298441336445,0.2448401444825296,0,0,5.379084967320262,9.254224399011227,EDN3
Reactome_2022,Synthesis Of Substrates In N-glycan Biosythesis R-HSA-446219,0.1434715250690084,0.24639674957503618,0,0,6.92436974789916,13.444485753942114,ST8SIA5
Reactome_2022,Signaling By Insulin Receptor R-HSA-74752,0.1434715250690084,0.24639674957503618,0,0,6.92436974789916,13.444485753942114,FGF6
GO_Biological_Process_2023,Response To UV (GO:0009411),0.18477239004063647,0.2488770967894287,0,0,5.185924369747899,8.757110245438573,MAP2K7
GO_Biological_Process_2023,Cellular Response To Transforming Growth Factor Beta Stimulus (GO:0071560),0.18477239004063647,0.2488770967894287,0,0,5.185924369747899,8.757110245438573,LEFTY1
GO_Biological_Process_2023,Cellular Response To Mechanical Stimulus (GO:0071260),0.18477239004063647,0.2488770967894287,0,0,5.185924369747899,8.757110245438573,SLC9A1
GO_Biological_Process_2023,Regulation Of Neuron Apoptotic Process (GO:0043523),0.19051226652048878,0.2514761918070452,0,0,5.0060851926977685,8.30028296148497,FOXB1
GO_Biological_Process_2023,Lipid Transport (GO:0006869),0.19051226652048878,0.2514761918070452,0,0,5.0060851926977685,8.30028296148497,ABCC2
GO_Biological_Process_2023,Positive Regulation Of Transmembrane Receptor Protein Serine/Threonine Kinase Signaling Pathway (GO:0090100),0.19051226652048878,0.2514761918070452,0,0,5.0060851926977685,8.30028296148497,LEFTY1
GO_Biological_Process_2023,Cytosolic Transport (GO:0016482),0.19051226652048878,0.2514761918070452,0,0,5.0060851926977685,8.30028296148497,DENND2A
GO_Biological_Process_2023,Positive Regulation Of Cell Cycle Process (GO:0090068),0.20187448015289586,0.26383595425923023,0,0,4.681214421252372,7.490454075850059,EDN3
GO_Biological_Process_2023,Negative Regulation Of Macromolecule Biosynthetic Process (GO:0010558),0.20187448015289586,0.26383595425923023,0,0,4.681214421252372,7.490454075850059,TRIM3
GO_Biological_Process_2023,Extracellular Matrix Organization (GO:0030198),0.2074973371850416,0.26984875377759104,0,0,4.534007352941177,7.130346688827777,POSTN
Reactome_2022,Biosynthesis Of N-glycan Precursor (Dolichol LLO) And Transfer To Protein R-HSA-446193,0.16141494242787602,0.2742318376731657,0,0,6.055147058823529,11.043237618594762,ST8SIA5
GO_Biological_Process_2023,Positive Regulation Of Immune Response (GO:0050778),0.21308170479781693,0.27440765886157886,0,0,4.39572192513369,6.796135979126747,C9
GO_Biological_Process_2023,MAPK Cascade (GO:0000165),0.21308170479781693,0.27440765886157886,0,0,4.39572192513369,6.796135979126747,MAP2K7
GO_Biological_Process_2023,Regulation Of DNA-templated Transcription (GO:0006355),0.2166272413190208,0.27484642588407404,0,0,1.6480263157894737,2.5207834520226444,FOXB1;MAP2K7;SSX2;BARX2;POU3F4
GO_Biological_Process_2023,Heart Development (GO:0007507),0.21862783877142256,0.27484642588407404,0,0,4.265570934256055,6.485307339465183,LEFTY1
GO_Biological_Process_2023,Regulation Of Macromolecule Metabolic Process (GO:0060255),0.21862783877142256,0.27484642588407404,0,0,4.265570934256055,6.485307339465183,EDN3
GO_Biological_Process_2023,Regulation Of MAP Kinase Activity (GO:0043405),0.21862783877142256,0.27484642588407404,0,0,4.265570934256055,6.485307339465183,EDN3
GO_Biological_Process_2023,Intracellular Calcium Ion Homeostasis (GO:0006874),0.21862783877142256,0.27484642588407404,0,0,4.265570934256055,6.485307339465183,EDN3
GO_Biological_Process_2023,Transmembrane Receptor Protein Serine/Threonine Kinase Signaling Pathway (GO:0007178),0.2241359931862442,0.28043555545577475,0,0,4.142857142857143,6.195652381184928,LEFTY1
Reactome_2022,PI3K/AKT Signaling In Cancer R-HSA-2219528,0.17317378546480816,0.2880153484572599,0,0,5.58710407239819,9.796761542575398,FGF6
Reactome_2022,ABC-family Proteins Mediated Transport R-HSA-382556,0.17317378546480816,0.2880153484572599,0,0,5.58710407239819,9.796761542575398,ABCC2
Reactome_2022,"PI5P, PP2A And IER3 Regulate PI3K/AKT Signaling R-HSA-6811558",0.17899298441336445,0.2915555828588823,0,0,5.379084967320262,9.254224399011227,FGF6
Reactome_2022,Negative Regulation Of PI3K/AKT Network R-HSA-199418,0.17899298441336445,0.2915555828588823,0,0,5.379084967320262,9.254224399011227,FGF6
GO_Biological_Process_2023,Protein Homooligomerization (GO:0051260),0.23503937177164339,0.2926905384326125,0,0,3.917329093799682,5.672301300356652,C9
Reactome_2022,Signaling By VEGF R-HSA-194138,0.18477239004063647,0.29789834312674046,0,0,5.185924369747899,8.757110245438573,NRP2
GO_Biological_Process_2023,Positive Regulation Of Transferase Activity (GO:0051347),0.24043509599706708,0.2980040626442521,0,0,3.8134674922600618,5.435354653855867,MAP2K7
Reactome_2022,MyD88 Cascade Initiated On Plasma Membrane R-HSA-975871,0.19051226652048878,0.3010093811023723,0,0,5.0060851926977685,8.30028296148497,MAP2K7
Reactome_2022,Interferon Gamma Signaling R-HSA-877300,0.19051226652048878,0.3010093811023723,0,0,5.0060851926977685,8.30028296148497,TRIM3
GO_Biological_Process_2023,Protein Glycosylation (GO:0006486),0.2457938408832322,0.30322230837931446,0,0,3.7149321266968327,5.213023604562787,ST8SIA5
GO_Biological_Process_2023,Regulation Of Transcription By RNA Polymerase II (GO:0006357),0.24700185177714634,0.30329529706589137,0,0,1.5608907446068199,2.1826863158160257,FOXB1;LEFTY1;BARX2;SLC9A1;POU3F4
Reactome_2022,Glycosaminoglycan Metabolism R-HSA-1630316,0.1962128763070137,0.30393759271086435,0,0,4.838235294117647,7.879332789982094,SLC9A1
Reactome_2022,RAB GEFs Exchange GTP For GDP On RABs R-HSA-8876198,0.1962128763070137,0.30393759271086435,0,0,4.838235294117647,7.879332789982094,DENND2A
Reactome_2022,Toll Like Receptor 9 (TLR9) Cascade R-HSA-168138,0.2074973371850416,0.3063979371517437,0,0,4.534007352941177,7.130346688827777,MAP2K7
Reactome_2022,MyD88 Dependent Cascade Initiated On Endosome R-HSA-975155,0.2074973371850416,0.3063979371517437,0,0,4.534007352941177,7.130346688827777,MAP2K7
Reactome_2022,MyD88-independent TLR4 Cascade R-HSA-166166,0.2074973371850416,0.3063979371517437,0,0,4.534007352941177,7.130346688827777,MAP2K7
Reactome_2022,TRAF6 Mediated Induction Of NFkB And MAP Kinases Upon TLR7/8 Or 9 Activation R-HSA-975138,0.20187448015289586,0.3063979371517437,0,0,4.681214421252372,7.490454075850059,MAP2K7
Reactome_2022,Toll Like Receptor 3 (TLR3) Cascade R-HSA-168164,0.20187448015289586,0.3063979371517437,0,0,4.681214421252372,7.490454075850059,MAP2K7
Reactome_2022,L1CAM Interactions R-HSA-373760,0.21308170479781693,0.30887072805555116,0,0,4.39572192513369,6.796135979126747,NRP2
Reactome_2022,Toll Like Receptor 7/8 (TLR7/8) Cascade R-HSA-168181,0.21308170479781693,0.30887072805555116,0,0,4.39572192513369,6.796135979126747,MAP2K7
Reactome_2022,Diseases Of Signal Transduction By Growth Factor Receptors And Second Messengers R-HSA-5663202,0.22276764230927038,0.3199753407714974,0,0,2.3466666666666667,3.5238157116360402,FGF6;KREMEN2
Reactome_2022,MyD88:MAL(TIRAP) Cascade Initiated On Plasma Membrane R-HSA-166058,0.2296064205912344,0.3268271572379733,0,0,4.026960784313726,5.9252243947733785,MAP2K7
GO_Biological_Process_2023,Negative Regulation Of Cellular Biosynthetic Process (GO:0031327),0.2720414308637874,0.33096284676516075,0,0,3.289438502673797,4.2821940195035,TRIM3
GO_Biological_Process_2023,Response To Tumor Necrosis Factor (GO:0034612),0.2720414308637874,0.33096284676516075,0,0,3.289438502673797,4.2821940195035,MAP2K7
GO_Biological_Process_2023,Positive Regulation Of ERK1 And ERK2 Cascade (GO:0070374),0.27718341111369627,0.33567165382576064,0,0,3.215686274509804,4.125969425482145,MAP2K7
GO_Biological_Process_2023,Positive Regulation Of Protein Serine/Threonine Kinase Activity (GO:0071902),0.2822901012499574,0.335696336621571,0,0,3.145140664961637,3.9780368441163745,EDN3
GO_Biological_Process_2023,Chemical Synaptic Transmission (GO:0007268),0.2822901012499574,0.335696336621571,0,0,3.145140664961637,3.9780368441163745,GABRG3
GO_Biological_Process_2023,Positive Regulation Of Cell Population Proliferation (GO:0008284),0.28028444181708306,0.335696336621571,0,0,1.9863945578231292,2.526595209004431,FGF6;EDN3
GO_Biological_Process_2023,Endosomal Transport (GO:0016197),0.2822901012499574,0.335696336621571,0,0,3.145140664961637,3.9780368441163745,DENND2A
Reactome_2022,Rab Regulation Of Trafficking R-HSA-9007101,0.2457938408832322,0.3436763438898291,0,0,3.7149321266968327,5.213023604562787,DENND2A
Reactome_2022,Degradation Of Extracellular Matrix R-HSA-1474228,0.2457938408832322,0.3436763438898291,0,0,3.7149321266968327,5.213023604562787,LAMA5
KEGG_2021_Human,MAPK signaling pathway,0.028041262839681523,0.34584224168940547,0,0,4.965692934782608,17.74777477051777,FGF6;CACNG2;MAP2K7
KEGG_2021_Human,Nicotine addiction,0.020857331972130334,0.34584224168940547,0,0,72.98529411764706,282.456718466405,GABRG3
KEGG_2021_Human,Cardiac muscle contraction,0.018316069304590708,0.34584224168940547,0,0,10.686147186147187,42.74433762404749,CACNG2;SLC9A1
KEGG_2021_Human,Bile secretion,0.012910527742700831,0.34584224168940547,0,0,13.02239789196311,56.64368293653826,ABCC2;SLC9A1
KEGG_2021_Human,Amoebiasis,0.025842510996970564,0.34584224168940547,0,0,8.789661319073083,32.132667512030004,LAMA5;C9
KEGG_2021_Human,Adrenergic signaling in cardiomyocytes,0.02321329030383397,0.34584224168940547,0,0,9.342803030303031,35.1572509498164,CACNG2;SLC9A1
GO_Biological_Process_2023,Regulation Of Cell Differentiation (GO:0045595),0.2923985500895576,0.34615792476970053,0,0,3.0128676470588234,3.704735070804602,EDN3
GO_Biological_Process_2023,Negative Regulation Of Apoptotic Process (GO:0043066),0.29601013035675383,0.3488690822061742,0,0,1.9061200237670826,2.320437323956082,FOXB1;POU3F4
GO_Biological_Process_2023,Negative Regulation Of Protein Metabolic Process (GO:0051248),0.29740077448096924,0.34895024205767056,0,0,2.95078031212485,3.5783364550466032,TRIM3
MSigDB_Hallmark_2020,Hedgehog Signaling,0.08737463540367099,0.34949854161468397,0,0,12.139705882352942,29.59114312318337,NRP2
MSigDB_Hallmark_2020,Angiogenesis,0.08737463540367099,0.34949854161468397,0,0,12.139705882352942,29.59114312318337,POSTN
Reactome_2022,Cytokine Signaling In Immune System R-HSA-1280215,0.25776692919194805,0.3533401965192675,0,0,1.7756024096385543,2.407183259127609,LAMA5;TRIM3;MAP2K7
Reactome_2022,Disorders Of Transmembrane Transporters R-HSA-5619115,0.2616506518528753,0.3533401965192675,0,0,3.447478991596639,4.622190409685409,ABCC2
Reactome_2022,Interleukin-4 And Interleukin-13 Signaling R-HSA-6785807,0.2616506518528753,0.3533401965192675,0,0,3.447478991596639,4.622190409685409,LAMA5
Reactome_2022,Cellular Senescence R-HSA-2559583,0.2564013751572069,0.3533401965192675,0,0,3.5322812051649928,4.807474248654608,MAP2K7
Reactome_2022,Metabolism Of Amino Acids And Derivatives R-HSA-71291,0.26979426630724845,0.3611978661888942,0,0,2.0436533163805892,2.6773811913020875,SARDH;GPT
Reactome_2022,Platelet Degranulation R-HSA-114608,0.2720414308637874,0.3611978661888942,0,0,3.289438502673797,4.2821940195035,CYB5R1
Reactome_2022,Response To Elevated Platelet Cytosolic Ca2+ R-HSA-76005,0.27718341111369627,0.3619419748426778,0,0,3.215686274509804,4.125969425482145,CYB5R1
Reactome_2022,Fc Epsilon Receptor (FCERI) Signaling R-HSA-2454202,0.27718341111369627,0.3619419748426778,0,0,3.215686274509804,4.125969425482145,MAP2K7
Reactome_2022,TCF Dependent Signaling In Response To WNT R-HSA-201681,0.2822901012499574,0.3655888196515842,0,0,3.145140664961637,3.9780368441163745,KREMEN2
Reactome_2022,G Alpha (Q) Signaling Events R-HSA-416476,0.2873617363429696,0.3691313361153593,0,0,3.0775969962453065,3.8378048525842425,EDN3
Reactome_2022,Toll Like Receptor 4 (TLR4) Cascade R-HSA-166016,0.2923985500895576,0.3725723460818557,0,0,3.0128676470588234,3.704735070804602,MAP2K7
GO_Biological_Process_2023,Nitrogen Compound Transport (GO:0071705),0.3267005550457325,0.37902083524388813,0,0,2.625668449197861,2.9373648628999534,ABCC2
GO_Biological_Process_2023,Positive Regulation Of Cellular Process (GO:0048522),0.32733617589244884,0.37902083524388813,0,0,1.7630853994490359,1.9689566066676985,FGF6;EDN3
GO_Biological_Process_2023,Response To Cytokine (GO:0034097),0.3267005550457325,0.37902083524388813,0,0,2.625668449197861,2.9373648628999534,MAP2K7
GO_Biological_Process_2023,Positive Regulation Of Protein Modification Process (GO:0031401),0.3314670281394639,0.38212792763676184,0,0,2.5782563025210083,2.846980059550679,FGF6
KEGG_2021_Human,cAMP signaling pathway,0.045594707623494,0.3853130883762202,0,0,6.3417150225660865,19.582985342052012,EDN3;SLC9A1
KEGG_2021_Human,Neuroactive ligand-receptor interaction,0.059778061964326085,0.3853130883762202,0,0,5.410468319559229,15.24191980363464,EDN3;GABRG3
KEGG_2021_Human,Glycosphingolipid biosynthesis,0.06131195084714353,0.3853130883762202,0,0,18.22426470588235,50.87814680207062,ST8SIA5
KEGG_2021_Human,Arginine biosynthesis,0.06789460231946233,0.3853130883762202,0,0,16.19607843137255,43.564191392243096,GPT
KEGG_2021_Human,Renin secretion,0.0937796548705842,0.3853130883762202,0,0,11.203619909502262,26.516809898338785,EDN3
KEGG_2021_Human,"Glycine, serine and threonine metabolism",0.0937796548705842,0.3853130883762202,0,0,11.203619909502262,26.516809898338785,SARDH
KEGG_2021_Human,ABC transporters,0.0744324028550969,0.3853130883762202,0,0,14.573529411764707,37.86004609591273,ABCC2
KEGG_2021_Human,Regulation of actin cytoskeleton,0.07128506923887058,0.3853130883762202,0,0,4.872329855936413,12.868156324706659,FGF6;SLC9A1
KEGG_2021_Human,GABAergic synapse,0.16141494242787602,0.3853130883762202,0,0,6.055147058823529,11.043237618594762,GABRG3
KEGG_2021_Human,ECM-receptor interaction,0.16141494242787602,0.3853130883762202,0,0,6.055147058823529,11.043237618594762,LAMA5
KEGG_2021_Human,Pancreatic secretion,0.16141494242787602,0.3853130883762202,0,0,6.055147058823529,11.043237618594762,SLC9A1
KEGG_2021_Human,Amino sugar and nucleotide sugar metabolism,0.1251553659333402,0.3853130883762202,0,0,8.083333333333334,16.79877837023134,CYB5R1
KEGG_2021_Human,Fc epsilon RI signaling pathway,0.15547476142033528,0.3853130883762202,0,0,6.319693094629156,11.762666962038827,MAP2K7
KEGG_2021_Human,PI3K-Akt signaling pathway,0.14944837252134233,0.3853130883762202,0,0,3.0738636363636362,5.842813156438895,FGF6;LAMA5
KEGG_2021_Human,GnRH signaling pathway,0.1434715250690084,0.3853130883762202,0,0,6.92436974789916,13.444485753942114,MAP2K7
KEGG_2021_Human,ErbB signaling pathway,0.1434715250690084,0.3853130883762202,0,0,6.92436974789916,13.444485753942114,MAP2K7
KEGG_2021_Human,Dilated cardiomyopathy,0.1434715250690084,0.3853130883762202,0,0,6.92436974789916,13.444485753942114,CACNG2
KEGG_2021_Human,Systemic lupus erythematosus,0.13740792233759572,0.3853130883762202,0,0,7.272058823529412,14.433591384268352,C9
KEGG_2021_Human,Gastric acid secretion,0.1251553659333402,0.3853130883762202,0,0,8.083333333333334,16.79877837023134,SLC9A1
KEGG_2021_Human,Salivary secretion,0.16141494242787602,0.3853130883762202,0,0,6.055147058823529,11.043237618594762,SLC9A1
KEGG_2021_Human,Morphine addiction,0.1251553659333402,0.3853130883762202,0,0,8.083333333333334,16.79877837023134,GABRG3
KEGG_2021_Human,Melanoma,0.11273381168669967,0.3853130883762202,0,0,9.097426470588236,19.857188271216625,FGF6
KEGG_2021_Human,Arrhythmogenic right ventricular cardiomyopathy,0.10645895486667123,0.3853130883762202,0,0,9.705882352941176,21.74113539948115,CACNG2
KEGG_2021_Human,"Alanine, aspartate and glutamate metabolism",0.1001409983353556,0.3853130883762202,0,0,10.40126050420168,23.935132110576067,GPT
KEGG_2021_Human,Hypertrophic cardiomyopathy,0.11896585418582045,0.3853130883762202,0,0,8.560553633217992,18.22472328276245,CACNG2
GO_Biological_Process_2023,Positive Regulation Of Developmental Process (GO:0051094),0.3362007154352418,0.3858999516300167,0,0,2.5325077399380804,2.7605522871334123,EDN3
Reactome_2022,Signaling By Interleukins R-HSA-449147,0.30647654400799373,0.3873863516261041,0,0,1.8560123528276395,2.194946294812211,LAMA5;MAP2K7
GO_Biological_Process_2023,Protein Polyubiquitination (GO:0000209),0.34090183586037676,0.3896020981261448,0,0,2.488336713995943,2.6778502160970703,TRIM3
Reactome_2022,Signal Transduction R-HSA-162582,0.3161088841434942,0.3963905055132705,0,0,1.3566367501180916,1.5623958852227584,FGF6;LAMA5;NRP2;EDN3;KREMEN2;GABRG3
KEGG_2021_Human,Vascular smooth muscle contraction,0.21862783877142256,0.3989539622241762,0,0,4.265570934256055,6.485307339465183,EDN3
KEGG_2021_Human,Apelin signaling pathway,0.2241359931862442,0.3989539622241762,0,0,4.142857142857143,6.195652381184928,SLC9A1
KEGG_2021_Human,Oxytocin signaling pathway,0.2241359931862442,0.3989539622241762,0,0,4.142857142857143,6.195652381184928,CACNG2
KEGG_2021_Human,Relaxin signaling pathway,0.23503937177164339,0.3989539622241762,0,0,3.917329093799682,5.672301300356652,MAP2K7
KEGG_2021_Human,Thyroid hormone signaling pathway,0.24043509599706708,0.3989539622241762,0,0,3.8134674922600618,5.435354653855867,SLC9A1
KEGG_2021_Human,Gastric cancer,0.24043509599706708,0.3989539622241762,0,0,3.8134674922600618,5.435354653855867,FGF6
KEGG_2021_Human,Toxoplasmosis,0.2457938408832322,0.3989539622241762,0,0,3.7149321266968327,5.213023604562787,LAMA5
KEGG_2021_Human,Breast cancer,0.21862783877142256,0.3989539622241762,0,0,4.265570934256055,6.485307339465183,FGF6
KEGG_2021_Human,TGF-beta signaling pathway,0.20187448015289586,0.3989539622241762,0,0,4.681214421252372,7.490454075850059,LEFTY1
KEGG_2021_Human,Protein processing in endoplasmic reticulum,0.2822901012499574,0.3989539622241762,0,0,3.145140664961637,3.9780368441163745,MAP2K7
KEGG_2021_Human,Toll-like receptor signaling pathway,0.27718341111369627,0.3989539622241762,0,0,3.215686274509804,4.125969425482145,MAP2K7
KEGG_2021_Human,Tight junction,0.26686392383849344,0.3989539622241762,0,0,3.366621067031464,4.447361638908228,MAP2K7
KEGG_2021_Human,Signaling pathways regulating pluripotency of stem cells,0.2616506518528753,0.3989539622241762,0,0,3.447478991596639,4.622190409685409,LEFTY1
KEGG_2021_Human,Retrograde endocannabinoid signaling,0.2720414308637874,0.3989539622241762,0,0,3.289438502673797,4.2821940195035,GABRG3
KEGG_2021_Human,Calcium signaling pathway,0.26686392383849344,0.3989539622241762,0,0,3.366621067031464,4.447361638908228,FGF6
KEGG_2021_Human,Small cell lung cancer,0.21308170479781693,0.3989539622241762,0,0,4.39572192513369,6.796135979126747,LAMA5
KEGG_2021_Human,Neurotrophin signaling pathway,0.18477239004063647,0.3989539622241762,0,0,5.185924369747899,8.757110245438573,MAP2K7
KEGG_2021_Human,Complement and coagulation cascades,0.1962128763070137,0.3989539622241762,0,0,4.838235294117647,7.879332789982094,C9
KEGG_2021_Human,Yersinia infection,0.2873617363429696,0.3989539622241762,0,0,3.0775969962453065,3.8378048525842425,MAP2K7
KEGG_2021_Human,Hepatitis B,0.3023686402008118,0.3989539622241762,0,0,2.8911764705882352,3.4581602978274644,MAP2K7
KEGG_2021_Human,Osteoclast differentiation,0.3073023763078114,0.3989539622241762,0,0,2.8339100346020762,3.343795848013672,MAP2K7
KEGG_2021_Human,T cell receptor signaling pathway,0.2564013751572069,0.3989539622241762,0,0,3.5322812051649928,4.807474248654608,MAP2K7
KEGG_2021_Human,Rap1 signaling pathway,0.29740077448096924,0.3989539622241762,0,0,2.95078031212485,3.5783364550466032,FGF6
KEGG_2021_Human,Hippo signaling pathway,0.2511158524411337,0.3989539622241762,0,0,3.6213235294117645,5.004092902886465,FRMD1
KEGG_2021_Human,TNF signaling pathway,0.2873617363429696,0.3989539622241762,0,0,3.0775969962453065,3.8378048525842425,MAP2K7
KEGG_2021_Human,Fluid shear stress and atherosclerosis,0.2923985500895576,0.3989539622241762,0,0,3.0128676470588234,3.704735070804602,MAP2K7
GO_Biological_Process_2023,Regulation Of Gene Expression (GO:0010468),0.35117227524675604,0.39960983045320514,0,0,1.4734848484848484,1.5419700125258105,FGF6;EDN3;SSX2
Reactome_2022,Developmental Biology R-HSA-1266738,0.32374693839612034,0.39962512708271103,0,0,1.5510159010600706,1.749225066421064,LEFTY1;NRP2;CACNG2
Reactome_2022,Peptide Ligand-Binding Receptors R-HSA-375276,0.3219010758278049,0.39962512708271103,0,0,2.6748366013071894,3.031956706945642,EDN3
GO_Biological_Process_2023,Monoatomic Cation Transmembrane Transport (GO:0098655),0.35481196413787475,0.4020187061476349,0,0,2.364513018322083,2.4500310896842477,SLC9A1
KEGG_2021_Human,Pathways in cancer,0.32473538136642677,0.4029306845564034,0,0,1.7742054693274205,1.995528090966695,FGF6;LAMA5
KEGG_2021_Human,Chemical carcinogenesis,0.3267005550457325,0.4029306845564034,0,0,2.625668449197861,2.9373648628999534,FGF6
KEGG_2021_Human,Proteoglycans in cancer,0.31706836869886984,0.4029306845564034,0,0,2.725860155382908,3.1310261598107614,SLC9A1
GO_Biological_Process_2023,Proteasomal Protein Catabolic Process (GO:0010498),0.35938497821373655,0.40545997542062584,0,0,2.3259013282732446,2.3802369472629095,TRIM3
GO_Biological_Process_2023,Defense Response To Symbiont (GO:0140546),0.3729159013057521,0.41020749143632734,0,0,2.2171945701357467,2.187045935337548,AGBL5
GO_Biological_Process_2023,Regulation Of Translation (GO:0006417),0.3729159013057521,0.41020749143632734,0,0,2.2171945701357467,2.187045935337548,TRIM3
GO_Biological_Process_2023,Negative Regulation Of Multicellular Organismal Process (GO:0051241),0.3684367369431335,0.41020749143632734,0,0,2.252297794117647,2.2488883993107964,KREMEN2
GO_Biological_Process_2023,Inorganic Cation Transmembrane Transport (GO:0098662),0.3684367369431335,0.41020749143632734,0,0,2.252297794117647,2.2488883993107964,SLC9A1
GO_Biological_Process_2023,Regulation Of ERK1 And ERK2 Cascade (GO:0070372),0.3684367369431335,0.41020749143632734,0,0,2.252297794117647,2.2488883993107964,MAP2K7
GO_Biological_Process_2023,Positive Regulation Of Phosphorylation (GO:0042327),0.3729159013057521,0.41020749143632734,0,0,2.2171945701357467,2.187045935337548,FGF6
Reactome_2022,Toll-like Receptor Cascades R-HSA-168898,0.34090183586037676,0.41753868268170174,0,0,2.488336713995943,2.6778502160970703,MAP2K7
KEGG_2021_Human,Ras signaling pathway,0.35020724482475646,0.4179892922101932,0,0,2.4044117647058822,2.522781368639542,FGF6
KEGG_2021_Human,Focal adhesion,0.35020724482475646,0.4179892922101932,0,0,2.4044117647058822,2.522781368639542,LAMA5
GO_Biological_Process_2023,Transmembrane Receptor Protein Tyrosine Kinase Signaling Pathway (GO:0007169),0.39052595943748264,0.4277960717489437,0,0,2.0869565217391304,1.9622834806522205,FGF6
KEGG_2021_Human,Kaposi sarcoma-associated herpesvirus infection,0.3729159013057521,0.4329773911281319,0,0,2.2171945701357467,2.187045935337548,MAP2K7
KEGG_2021_Human,Human immunodeficiency virus 1 infection,0.381781839310897,0.4329773911281319,0,0,2.1501316944688322,2.070374569197854,MAP2K7
KEGG_2021_Human,Lipid and atherosclerosis,0.3861690245196852,0.4329773911281319,0,0,2.1180795847750864,2.0153106132664136,MAP2K7
KEGG_2021_Human,Transcriptional misregulation in cancer,0.381781839310897,0.4329773911281319,0,0,2.1501316944688322,2.070374569197854,SSX2
KEGG_2021_Human,Epstein-Barr virus infection,0.39914988689146896,0.44085211388012996,0,0,2.0273405136702567,1.861946579964937,MAP2K7
GO_Biological_Process_2023,Positive Regulation Of Cell Differentiation (GO:0045597),0.4076552258522379,0.44471479183880497,0,0,1.9709911361804997,1.7686363677933123,EDN3
GO_Biological_Process_2023,Regulation Of Protein Phosphorylation (GO:0001932),0.4201943389316841,0.45463649786051075,0,0,1.8920278637770898,1.6404599849119852,FGF6
GO_Biological_Process_2023,Defense Response To Virus (GO:0051607),0.4201943389316841,0.45463649786051075,0,0,1.8920278637770898,1.6404599849119852,AGBL5
MSigDB_Hallmark_2020,UV Response Up,0.3362007154352418,0.4561712993045359,0,0,2.5325077399380804,2.7605522871334123,CYB5R1
MSigDB_Hallmark_2020,Coagulation,0.34090183586037676,0.4561712993045359,0,0,2.488336713995943,2.6778502160970703,C9
MSigDB_Hallmark_2020,Epithelial Mesenchymal Transition,0.3639264989395048,0.4561712993045359,0,0,2.288515406162465,2.3132390567557057,POSTN
MSigDB_Hallmark_2020,PI3K/AKT/mTOR  Signaling,0.19051226652048878,0.4561712993045359,0,0,5.0060851926977685,8.30028296148497,FGF6
MSigDB_Hallmark_2020,Xenobiotic Metabolism,0.39914988689146896,0.4561712993045359,0,0,2.0273405136702567,1.861946579964937,ABCC2
MSigDB_Hallmark_2020,Complement,0.46015676215225054,0.46015676215225054,0,0,1.6686046511627908,1.295151007537362,C9
GO_Biological_Process_2023,Intracellular Protein Transport (GO:0006886),0.4365127037189661,0.4703647093134982,0,0,1.7959558823529411,1.4887357189693595,CACNG2
Reactome_2022,Signaling By WNT R-HSA-195721,0.394852846495376,0.4798980749713031,0,0,2.05672268907563,1.911193360095187,KREMEN2
Reactome_2022,Interferon Signaling R-HSA-913531,0.4034172804713778,0.48287825995816436,0,0,1.9987745098039216,1.8144551544639222,TRIM3
Reactome_2022,PIP3 Activates AKT Signaling R-HSA-1257604,0.4034172804713778,0.48287825995816436,0,0,1.9987745098039216,1.8144551544639222,FGF6
Reactome_2022,Metabolism Of Carbohydrates R-HSA-71387,0.4076552258522379,0.4842821480049142,0,0,1.9709911361804997,1.7686363677933123,SLC9A1
GO_Biological_Process_2023,Proteasome-Mediated Ubiquitin-Dependent Protein Catabolic Process (GO:0043161),0.45628415010430473,0.489670795233888,0,0,1.6885813148788926,1.3249276447865281,TRIM3
KEGG_2021_Human,Prion disease,0.4640025740523578,0.5049439776452128,0,0,1.6490872210953347,1.266276654616408,C9
GO_Biological_Process_2023,Regulation Of Cell Population Proliferation (GO:0042127),0.47423806678391006,0.5066929473336318,0,0,1.2827380952380953,0.9569814104924678,FGF6;EDN3
GO_Biological_Process_2023,Positive Regulation Of DNA-templated Transcription (GO:0045893),0.4759842838588662,0.5066929473336318,0,0,1.192075276243094,0.8849614501975147,MAP2K7;BARX2;SLC9A1
Reactome_2022,RAF/MAP Kinase Cascade R-HSA-5673001,0.4365127037189661,0.5146940834895273,0,0,1.7959558823529411,1.4887357189693595,FGF6
GO_Biological_Process_2023,Nervous System Development (GO:0007399),0.4865246445494505,0.5158333580765259,0,0,1.540796963946869,1.1100944783799223,TRIM3
Reactome_2022,Intracellular Signaling By Second Messengers R-HSA-9006925,0.44845779966329646,0.5171995061810281,0,0,1.7299787384833452,1.387340350277432,FGF6
Reactome_2022,Class A/1 (Rhodopsin-like Receptors) R-HSA-373076,0.44845779966329646,0.5171995061810281,0,0,1.7299787384833452,1.387340350277432,EDN3
Reactome_2022,MAPK1/MAPK3 Signaling R-HSA-5684996,0.4445036952264784,0.5171995061810281,0,0,1.7514347202295553,1.4200578607040863,FGF6
Reactome_2022,Extracellular Matrix Organization R-HSA-1474244,0.4523845567836145,0.5179475360276166,0,0,1.709033613445378,1.3556442085775817,LAMA5
Reactome_2022,"Platelet Activation, Signaling And Aggregation R-HSA-76002",0.45628415010430473,0.5186539260178428,0,0,1.6885813148788926,1.3249276447865281,CYB5R1
GO_Biological_Process_2023,Negative Regulation Of Gene Expression (GO:0010629),0.4938256272617719,0.5214798623884311,0,0,1.5077399380804954,1.0638202978621054,TRIM3
KEGG_2021_Human,Salmonella infection,0.4901878320061293,0.5257086893978778,0,0,1.5240926157697121,1.0866271771478917,MAP2K7
KEGG_2021_Human,Human papillomavirus infection,0.4974382012561688,0.5258632413279498,0,0,1.4917279411764706,1.0416496771207266,LAMA5
Reactome_2022,Post-translational Protein Modification R-HSA-597592,0.47226689866026433,0.5292068793497998,0,0,1.19921875,0.8996670856010047,AGBL5;RAB15;ST8SIA5
Reactome_2022,Asparagine N-linked Glycosylation R-HSA-446203,0.47161451663159953,0.5292068793497998,0,0,1.611368142762723,1.211093546874817,ST8SIA5
GO_Biological_Process_2023,Ubiquitin-Dependent Protein Catabolic Process (GO:0006511),0.5045883633759134,0.5307224220368173,0,0,1.4606842737094838,0.9991260156624934,TRIM3
GO_Biological_Process_2023,Protein-Containing Complex Assembly (GO:0065003),0.5151286549801991,0.5396585909316371,0,0,1.4164239953407105,0.9395687016077128,SLC9A1
KEGG_2021_Human,Huntington disease,0.5220341442575968,0.5440919250008754,0,0,1.3883495145631068,0.9024581207576785,MAP2K7
GO_Biological_Process_2023,Vesicle-Mediated Transport (GO:0016192),0.5254509670104855,0.5461380129557802,0,0,1.3747171945701357,0.8846283156050594,CCZ1
GO_Biological_Process_2023,Protein Ubiquitination (GO:0016567),0.5254509670104855,0.5461380129557802,0,0,1.3747171945701357,0.8846283156050594,TRIM3
KEGG_2021_Human,Coronavirus disease,0.5322135741023698,0.5469972844941022,0,0,1.3482241953385128,0.8503390419199903,C9
Reactome_2022,MAPK Family Signaling Cascades R-HSA-5683057,0.4974382012561688,0.5534875760455963,0,0,1.4917279411764706,1.0416496771207266,FGF6
GO_Biological_Process_2023,Positive Regulation Of Macromolecule Metabolic Process (GO:0010604),0.5487130964817954,0.5680794410635059,0,0,1.286168521462639,0.7719320663020437,FGF6
Reactome_2022,GPCR Ligand Binding R-HSA-500792,0.5185934276159632,0.5690122330786263,0,0,1.4022491349480968,0.9207659718947526,EDN3
Reactome_2022,Disease R-HSA-1643685,0.5151471688777804,0.5690122330786263,0,0,1.0912442396313364,0.7238252006699664,FGF6;ABCC2;KREMEN2;MAP2K7
GO_Biological_Process_2023,Regulation Of Cell Migration (GO:0030334),0.5551533809886361,0.5725019241445309,0,0,1.262883914627798,0.7432208750302683,FGF6
GO_Biological_Process_2023,Regulation Of Nucleic Acid-Templated Transcription (GO:1903506),0.5583399528143332,0.5735476558092761,0,0,1.251547987616099,0.7293862320662975,SSX2
KEGG_2021_Human,Alzheimer disease,0.5830465548932059,0.591033494001332,0,0,1.1675506268081004,0.6298798348698743,MAP2K7
GO_Biological_Process_2023,Positive Regulation Of Transcription By RNA Polymerase II (GO:0045944),0.5835697583069708,0.5971411480350399,0,0,1.037602300376023,0.5588435540888477,BARX2;SLC9A1
KEGG_2021_Human,Pathways of neurodegeneration,0.641685120469291,0.641685120469291,0,0,0.9917729329494035,0.44000756165750976,MAP2K7
GO_Biological_Process_2023,Positive Regulation Of Gene Expression (GO:0010628),0.6569117172193291,0.6695934106019416,0,0,0.9506514015001974,0.3994690825803218,FGF6
GO_Biological_Process_2023,Positive Regulation Of Nucleic Acid-Templated Transcription (GO:1903508),0.6785795434496378,0.6890192287334783,0,0,0.8948250186150409,0.3469715975624756,MAP2K7
Reactome_2022,GPCR Downstream Signaling R-HSA-388396,0.6468321811091711,0.7048240318293036,0,0,0.9776876267748479,0.4259476022712521,EDN3
GO_Biological_Process_2023,Positive Regulation Of Intracellular Signal Transduction (GO:1902533),0.698915608104232,0.7069491208410623,0,0,0.8450158506516379,0.30270603663072165,FRMD1
Reactome_2022,Metabolism R-HSA-1430728,0.654496055177962,0.708290251493959,0,0,0.9009438854890571,0.38190085214881514,ABCC2;SARDH;GPT;SLC9A1
Reactome_2022,Signaling By GPCR R-HSA-372790,0.6809033752466701,0.731855328496421,0,0,0.8890122086570478,0.3416783911698804,EDN3
GO_Biological_Process_2023,Negative Regulation Of Transcription By RNA Polymerase II (GO:0000122),0.741625816707752,0.747287082484147,0,0,0.7473404255319149,0.22338786526283166,LEFTY1
GO_Biological_Process_2023,Protein Modification Process (GO:0036211),0.7472250297432473,0.750066189552157,0,0,0.7351401293501694,0.2142116696513964,ST8SIA5
Reactome_2022,Vesicle-mediated Transport R-HSA-5653656,0.741625816707752,0.7696906558941436,0,0,0.7473404255319149,0.22338786526283166,DENND2A
Reactome_2022,Nervous System Development R-HSA-9675108,0.7397327778346143,0.7696906558941436,0,0,0.7514941805599245,0.22655014681455193,NRP2
Reactome_2022,Axon Guidance R-HSA-422475,0.7300636515650898,0.7696906558941436,0,0,0.7729476405946994,0.24318753429331832,NRP2
Reactome_2022,Membrane Trafficking R-HSA-199991,0.724095625403144,0.7696906558941436,0,0,0.786395004929346,0.25387332755984315,DENND2A
Reactome_2022,Hemostasis R-HSA-109582,0.7359061945829167,0.7696906558941436,0,0,0.7599364069952306,0.23303649129359044,CYB5R1
Reactome_2022,Metabolism Of Proteins R-HSA-392499,0.7453333566569871,0.7696906558941436,0,0,0.7730446927374302,0.22721615796449124,AGBL5;RAB15;ST8SIA5
GO_Biological_Process_2023,Negative Regulation Of DNA-templated Transcription (GO:0045892),0.8300046487983689,0.8300046487983689,0,0,0.5666266506602641,0.1055761311641971,LEFTY1
Reactome_2022,Cellular Responses To Stress R-HSA-2262752,0.8209879398380586,0.8421865942128409,0,0,0.5841571922886801,0.11522317148024103,MAP2K7
Reactome_2022,Cellular Responses To Stimuli R-HSA-8953897,0.8261957095125971,0.8421865942128409,0,0,0.5740155566358774,0.10959311484719741,MAP2K7
Reactome_2022,Immune System R-HSA-168256,0.8787201745148225,0.889985817777833,0,0,0.5857664233576643,0.07573302462499967,LAMA5;TRIM3;MAP2K7
Reactome_2022,Infectious Disease R-HSA-5663205,0.8903704367299684,0.8960415860085033,0,0,0.4509481424148607,0.05236305291238401,MAP2K7
Reactome_2022,Innate Immune System R-HSA-168249,0.9353214034082555,0.9353214034082555,0,0,0.3610412079270211,0.024141042680459,MAP2K7
